Date,Actual,ARIMA,RF,ETS
2024-01-02,344.40057373046875,575.9169051891275,571.1286779785156,348.8772257715575
2024-01-03,342.59051513671875,575.4719415012524,428.46534627278646,349.48545231956433
2024-01-04,345.2260131835937,575.607887615814,425.3745068359375,348.311252085182
2024-01-05,350.0297241210937,575.566365310887,423.4633202107747,350.1543131221979
2024-01-08,356.7030944824219,575.5790480663976,419.79027862548827,350.6850234464782
2024-01-09,355.4798278808594,575.5751742725226,415.31376912434894,361.6034511795051
2024-01-10,368.44866943359375,575.5763574759267,410.0165715535482,360.0342637538013
2024-01-11,367.6530456542969,575.5759960865489,400.61615488688153,373.6521797823782
2024-01-12,372.44677734375,575.5761064667946,389.86708557128907,372.07700626898486
2024-01-16,365.4550476074219,575.5760727518394,384.69859517415364,372.6103032521682
2024-01-17,366.3601379394531,575.5760830498615,370.18946329752606,369.8758837410481
2024-01-18,374.0777893066406,575.5760799043951,374.2487219238281,370.4470008378462
2024-01-19,381.3578796386719,575.5760808651683,379.5384173583984,378.8253763639657
2024-01-22,379.6969909667969,575.5760805717042,380.78726491292315,385.33727658288365
2024-01-23,383.0982666015625,575.5760806613408,383.83861877441404,379.42702985361694
2024-01-24,388.56829833984375,575.5760806339626,387.0733932495117,387.0964161722623
2024-01-25,391.0347595214844,575.5760806423252,390.6128088378906,392.24300628989016
2024-01-26,391.9895324707031,575.5760806397709,391.8190301513672,395.3804607853672
2024-01-29,398.83197021484375,575.5760806405511,396.6998728434245,395.5770567973656
2024-01-30,397.8772277832031,575.5760806403129,398.2669145711263,398.17990018910245
2024-01-31,388.0113220214844,575.5760806403856,394.20873046875,401.5027889917957
2024-02-01,392.6260070800781,575.5760806403634,402.9902173868815,391.32272503648653
2024-02-02,472.3984069824219,575.5760806403702,446.7736513264974,396.61745512354554
2024-02-05,456.90338134765625,575.5760806403681,458.6026920572917,475.6405034714361
2024-02-06,452.2389526367188,575.5760806403687,454.296124165853,455.91449140559695
2024-02-07,467.0278625488281,575.5760806403686,464.47077575683596,455.5360856346032
2024-02-08,467.43560791015625,575.5760806403686,467.5150396728516,470.0190202055736
2024-02-09,465.555908203125,575.5760806403686,468.4067544555664,471.1147907415168
2024-02-12,466.3416442871094,575.5760806403686,466.53732014973957,468.49351920043614
2024-02-13,457.6095275878906,575.5760806403686,461.3350284830729,465.05585496667635
2024-02-14,470.6977233886719,575.5760806403686,469.197270304362,460.617158939427
2024-02-15,481.3890380859375,575.5760806403686,476.60282755533854,473.4065921801557
2024-02-16,470.7374877929688,575.5760806403686,473.73181701660155,484.79296538437035
2024-02-20,469.1760864257813,575.5760806403686,469.4941632080078,473.4067017624343
2024-02-21,465.9702453613281,575.5760806403686,467.4622235107422,467.6285871730427
2024-02-22,483.9906311035156,575.5760806403686,478.4539786783854,468.72268756013244
2024-02-23,481.89984130859375,575.5760806403686,481.02088928222656,486.450668746358
2024-02-26,479.619873046875,575.5760806403686,479.6996017456055,485.06113729599593
2024-02-27,484.9065246582031,575.5760806403686,484.18691263834637,482.05250102378193
2024-02-28,481.8898620605469,575.5760806403686,483.660458984375,483.1283340455852
2024-02-29,487.9729919433594,575.5760806403686,485.78050608317056,484.417360960608
2024-03-01,500.0894470214844,575.5760806403686,494.8579376220703,490.2136906956479
2024-03-04,495.9975280761719,575.5760806403686,495.8374784342448,503.0368688851004
2024-03-05,488.0625915527344,575.5760806403686,491.4540808105469,498.2216110615419
2024-03-06,493.90673828125,575.5760806403686,492.1896010335286,486.08105202057305
2024-03-07,509.9358825683594,575.5760806403686,503.03133463541667,496.2359545906438
2024-03-08,503.723388671875,575.5760806403686,508.4274323527018,511.98323905963014
2024-03-11,481.4617309570313,575.5760806403686,489.0489979044596,506.48228569630794
2024-03-12,497.5506591796875,575.5760806403686,495.1241810099284,483.50198645669707
2024-03-13,493.3890686035156,575.5760806403686,494.81950388590496,495.3898719299297
2024-03-14,489.66546630859375,575.5760806403686,490.6620718383789,495.543503640568
2024-03-15,481.9695434570313,575.5760806403686,485.5967999267578,491.5423961749908
2024-03-18,494.7928161621094,575.5760806403686,492.59622762044273,484.5622599231808
2024-03-19,494.0560607910156,575.5760806403686,495.6267297363281,496.67103161789316
2024-03-20,503.2952575683594,575.5760806403686,499.6433581542969,491.73727102951455
2024-03-21,505.5253601074219,575.5760806403686,503.03776377360026,505.2956264996361
2024-03-22,507.33734130859375,575.5760806403686,507.31462432861326,507.2520626263394
2024-03-25,500.8062744140625,575.5760806403686,502.8119650268555,509.783573618562
2024-03-26,493.7076416015625,575.5760806403686,495.9494317626953,502.5416555529159
2024-03-27,491.6865234375,575.5760806403686,492.78933390299477,491.2495764150655
2024-03-28,483.4429931640625,575.5760806403686,488.07063669840494,493.5510868937525
2024-04-01,489.1876220703125,575.5760806403686,490.44211547851563,485.03727398884274
2024-04-02,495.1811218261719,575.5760806403686,492.95585306803383,491.50473175150023
2024-04-03,504.5098571777344,575.5760806403686,500.9294462076823,496.7905974682678
2024-04-04,508.6715087890625,575.5760806403686,506.78188761393227,501.92902353792124
2024-04-05,525.0192260742188,575.5760806403686,519.7011209106445,510.41636258891765
2024-04-08,516.96484375,575.5760806403686,520.2294884236653,526.4967798571342
2024-04-09,514.625244140625,575.5760806403686,514.3094790649415,519.1681351305602
2024-04-10,517.5422973632812,575.5760806403686,516.2652428181966,516.1237373046699
2024-04-11,520.8576049804688,575.5760806403686,517.9904065958659,514.8532463658682
2024-04-12,509.6471557617188,575.5760806403686,512.1852133178711,522.4969377343316
2024-04-15,498.028564453125,575.5760806403686,503.39769694010414,511.02181769235835
2024-04-16,497.5606384277344,575.5760806403686,495.82923868815107,500.1315275401837
2024-04-17,491.9952087402344,575.5760806403686,494.1027323404948,498.9613029707516
2024-04-18,499.5915832519531,575.5760806403686,493.94100667317707,489.21076672283397
2024-04-19,478.952880859375,575.5760806403686,486.87254353841143,501.1379012852563
2024-04-22,479.6099548339844,575.5760806403686,482.86606160481773,480.2368459779897
2024-04-23,493.916748046875,575.5760806403686,490.7881486002604,481.6244806640775
2024-04-24,491.3281555175781,575.5760806403686,492.67222717285154,495.23117861026054
2024-04-25,439.4375,575.5760806403686,459.5729438273112,488.4596284851743
2024-04-26,441.339111328125,575.5760806403686,444.1130106608073,440.90182847015126
2024-04-29,430.716064453125,575.5760806403686,440.20020568847656,442.5431290503693
2024-04-30,428.27685546875,575.5760806403686,434.4772313435872,432.6526352377109
2024-05-01,437.2571716308594,575.5760806403686,438.93551066080727,429.5152730746763
2024-05-02,439.7361755371094,575.5760806403686,442.21280873616536,434.3145248339022
2024-05-03,449.9709777832031,575.5760806403686,447.6096497599284,441.1282312984879
2024-05-06,463.6305541992188,575.5760806403686,462.2882103474935,451.1045235608784
2024-05-07,466.1793212890625,575.5760806403686,466.29100718180337,465.4984088492319
2024-05-08,470.5201416015625,575.5760806403686,469.8500045776367,467.35073519327295
2024-05-09,473.3277282714844,575.5760806403686,472.8712464396159,467.51216053779393
2024-05-10,474.1043090820313,575.5760806403686,473.6802166748047,474.6560775953244
2024-05-13,465.9503479003906,575.5760806403686,470.11659037272136,475.1757358563682
2024-05-14,469.7734069824219,575.5760806403686,469.45162811279295,467.7576313093886
2024-05-15,479.4207763671875,575.5760806403686,476.1315802001953,470.8857586232472
2024-05-16,471.1473693847656,575.5760806403686,475.56802541097005,476.3552045542079
2024-05-17,469.8331604003906,575.5760806403686,470.7176708984375,472.4195630186499
2024-05-20,466.7766723632813,575.5760806403686,467.4039938354492,470.84983048306145
2024-05-21,462.585205078125,575.5760806403686,467.2899319458008,468.53056347283666
2024-05-22,465.7213439941406,575.5760806403686,467.18511291503904,463.6454948692955
2024-05-23,463.7301330566406,575.5760806403686,466.91565907796223,462.60500725881195
2024-05-24,476.1154174804688,575.5760806403686,472.85084065755206,464.9528265834276
2024-05-28,477.8079223632813,575.5760806403686,477.8779062906901,477.083820627215
2024-05-29,472.2723693847656,575.5760806403686,475.3199236043294,479.51474926114685
2024-05-30,464.99456787109375,575.5760806403686,467.23294158935545,473.2867677879402
2024-05-31,464.7755126953125,575.5760806403686,466.6241177368164,461.83348320549857
2024-06-03,475.3885803222656,575.5760806403686,472.6626500447591,465.95457314866877
2024-06-04,474.8908081054688,575.5760806403686,478.1580478922526,476.31443738505124
2024-06-05,492.8812561035156,575.5760806403686,487.6394083658854,476.5561490106975
2024-06-06,491.5870361328125,575.5760806403686,490.4212963867187,493.8552018494937
2024-06-07,490.7905578613281,575.5760806403686,487.5430919392904,488.38650709115035
2024-06-10,500.3880920410156,575.5760806403686,494.8007774861654,491.9311567691918
2024-06-11,505.2366638183594,575.5760806403686,502.68202036539714,501.276445681736
2024-06-12,506.60064697265625,575.5760806403686,505.4617353312174,506.8654359184648
2024-06-13,501.8815002441406,575.5760806403686,502.92493530273435,507.5389350049272
2024-06-14,502.4396057128906,575.5760806403686,501.5183907063802,498.6462019658804
2024-06-17,504.9011840820313,575.5760806403686,502.44902659098307,503.546301626395
2024-06-18,497.7854919433594,575.5760806403686,500.71080657958987,505.7564794616305
2024-06-20,499.9880065917969,575.5760806403686,498.54787404378254,499.3820295254085
2024-06-21,493.0916137695313,575.5760806403686,495.21105021158854,500.89486304938873
2024-06-24,497.20751953125,575.5760806403686,496.69981384277344,489.82566724902375
2024-06-25,508.8576354980469,575.5760806403686,503.12240041097004,498.2843306180629
2024-06-26,511.3689880371094,575.5760806403686,513.2475931803385,509.6837904932334
2024-06-27,517.7870483398438,575.5760806403686,516.9888334147136,512.9371114565683
2024-06-28,502.4994201660156,575.5760806403686,507.55043833414715,518.6661984961529
2024-07-01,502.9577941894531,575.5760806403686,502.68157053629557,499.20645808983306
2024-07-02,507.7613525390625,575.5760806403686,504.86710866292316,504.0082626431589
2024-07-03,508.21978759765625,575.5760806403686,510.3754022216797,508.56182116978607
2024-07-05,538.0675659179688,575.5760806403686,526.7704062906901,509.76286469662
2024-07-08,527.5137329101562,575.5760806403686,533.1472146606445,538.9222931720377
2024-07-09,528.19140625,575.5760806403686,527.8443983968099,524.1969571276742
2024-07-10,532.8654174804688,575.5760806403686,529.4264393107096,529.2186541968217
2024-07-11,510.9504699707031,575.5760806403686,519.3647270711263,533.6432441205623
2024-07-12,497.1676330566406,575.5760806403686,504.4226708984375,512.471469884382
2024-07-15,494.4668884277344,575.5760806403686,494.5991944376628,498.0008328232763
2024-07-16,488.11865234375,575.5760806403686,490.8732012939453,491.1291213325389
2024-07-17,460.4134826660156,575.5760806403686,472.065510152181,489.12543205046455
2024-07-18,474.2262268066406,575.5760806403686,469.9035167439779,461.1713511584737
2024-07-19,475.16302490234375,575.5760806403686,477.0887641398112,475.7277651785142
2024-07-22,485.73681640625,575.5760806403686,482.0748161824544,475.9772483700132
2024-07-23,487.02239990234375,575.5760806403686,481.0016524251302,482.3805457219318
2024-07-24,459.6959533691406,575.5760806403686,465.2228076171875,488.0111368584792
2024-07-25,451.86279296875,575.5760806403686,458.86398946126303,460.43622944789763
2024-07-26,464.1108703613281,575.5760806403686,465.76894337972004,453.3471770233456
2024-07-29,464.1207885742188,575.5760806403686,467.1143761189779,464.90836668108045
2024-07-30,461.6094055175781,575.5760806403686,465.41953501383466,460.7482076751461
2024-07-31,473.2096557617188,575.5760806403686,471.04270243326823,462.58223825419964
2024-08-01,496.0414733886719,575.5760806403686,486.6829903157552,473.9344237811936
2024-08-02,486.4743041992188,575.5760806403686,488.28843221028643,497.5107358863358
2024-08-05,474.1065979003906,575.5760806403686,478.26440490722655,487.25705618366266
2024-08-06,492.4039611816406,575.5760806403686,487.7614260864258,470.7196400300591
2024-08-07,487.2515869140625,575.5760806403686,491.4314012654622,493.3627747518085
2024-08-08,507.8909301757813,575.5760806403686,496.9123615519206,487.9626856352569
2024-08-09,516.003173828125,575.5760806403686,513.3525177001953,509.34686328862205
2024-08-12,514.1893920898438,575.5760806403686,516.6860172526042,516.7729285520177
2024-08-13,526.7363891601562,575.5760806403686,522.3344086710612,510.7897612717086
2024-08-14,524.9625244140625,575.5760806403686,526.127428487142,527.6828451423517
2024-08-15,535.4963989257812,575.5760806403686,532.3388494873047,525.6615738553166
2024-08-16,525.6201782226562,575.5760806403686,530.0959801228842,536.9405827770056
2024-08-19,527.4739379882812,575.5760806403686,527.4167169189453,526.3784765841656
2024-08-20,524.9325561523438,575.5760806403686,526.0248482259115,524.0631362164903
2024-08-21,533.3338012695312,575.5760806403686,529.9517704264323,525.8681194133862
2024-08-22,530.11474609375,575.5760806403686,530.1490949503581,534.0222293330582
2024-08-23,526.1981811523438,575.5760806403686,527.0587243652344,531.5485732156184
2024-08-26,519.3417358398438,575.5760806403686,522.2970263671875,526.9463808790343
2024-08-27,517.32861328125,575.5760806403686,515.971494547526,515.9210871368049
2024-08-28,515.0165405273438,575.5760806403686,515.3721002197266,518.2545748888547
2024-08-29,516.4515991210938,575.5760806403686,515.9904973347982,515.6956061532107
2024-08-30,519.5310668945312,575.5760806403686,515.942416381836,517.8762969501007
2024-09-03,510.0137023925781,575.5760806403686,513.0339919026693,520.27036474497
2024-09-04,510.9903259277344,575.5760806403686,514.1187322998047,506.5843738652684
2024-09-05,515.0962524414062,575.5760806403686,514.7699665323893,511.90782375321743
2024-09-06,498.5628967285156,575.5760806403686,504.89381256103513,515.7670652006984
2024-09-09,503.0674743652344,575.5760806403686,499.9519526163737,499.9795476464523
2024-09-10,503.0674743652344,575.5760806403686,503.50688771565757,503.79892538485
2024-09-11,510.08343505859375,575.5760806403686,506.6510447184245,499.63049466409757
2024-09-12,523.806396484375,575.5760806403686,523.5244891357422,510.99347223309996
2024-09-13,522.8297729492188,575.5760806403686,525.037466023763,524.4699342268468
2024-09-16,531.96728515625,575.5760806403686,528.6401497395833,524.239330431827
2024-09-17,534.999755859375,575.5760806403686,533.7485403442383,532.6918193927133
2024-09-18,536.6257934570312,575.5760806403686,536.9506104532877,531.5560318860142
2024-09-19,557.7236328125,575.5760806403686,550.6328393554687,537.5292544337167
2024-09-20,559.9681396484375,575.5760806403686,559.4683456420898,558.3807578471005
2024-09-23,563.0205688476562,575.5760806403686,562.2083671061198,561.3714444995051
2024-09-24,561.9432983398438,575.5760806403686,563.2331085205078,563.7390062289227
2024-09-25,566.9110107421875,575.5760806403686,565.7858760579427,558.4936294735245
2024-09-26,566.442138671875,575.5760806403686,567.6394569905599,567.8086749645602
2024-09-27,565.9633178710938,575.5760806403686,567.7085190836589,567.0936114096697
2024-09-30,571.0308227539062,575.5760806403686,568.9703961181641,567.3611111697326
2024-10-01,575.0509033203125,575.5760806403686,575.5788142903646,571.7438858009035
2024-10-02,571.3999633789062,575.5760806403686,574.562426961263,571.5959941170793
2024-10-03,581.33544921875,575.5760806403686,579.1875069173177,572.2925178305733
2024-10-04,594.4730224609375,575.5760806403686,588.2069997151692,581.981939318913
2024-10-07,583.3405151367188,575.5760806403686,588.4667494710286,595.8659572625564
2024-10-08,591.4304809570312,575.5760806403686,587.595887858073,584.0488411266456
2024-10-09,589.0563354492188,575.5760806403686,590.1245593261718,587.970952395075
2024-10-10,582.3927612304688,575.5760806403686,582.9616162109374,589.9443858062174
2024-10-11,588.4977416992188,575.5760806403686,585.9151289876302,583.0348596671064
2024-10-14,588.9664916992188,575.5760806403686,586.5982236735026,589.8863938308458
2024-10-15,584.8268432617188,575.5760806403686,583.8437587483724,589.6706419038093
2024-10-16,575.3701171875,575.5760806403686,578.7011307779948,581.3632430438106
2024-10-17,575.509765625,575.5760806403686,575.4763818359374,576.2541972385766
2024-10-18,575.0509033203125,575.5760806403686,575.2983089192709,576.1479926938957
2024-10-21,573.744140625,575.5760806403686,575.2666963704427,576.4357805427343
2024-10-22,580.5772705078125,575.5760806403686,578.0748028564453,574.4446099292347
2024-10-23,562.3024291992188,575.5760806403686,568.740487874349,577.1100809395855
2024-10-24,566.38232421875,575.5760806403686,565.7030950927734,563.1830096869995
2024-10-25,571.8388061523438,575.5760806403686,569.7011551920573,567.0171386751643
2024-10-28,576.7367553710938,575.5760806403686,575.9374501546224,573.2203557458932
2024-10-29,591.819580078125,575.5760806403686,585.2040146891276,577.4339800563132
2024-10-30,590.3431396484375,575.5760806403686,589.8963602701823,588.349226396753
2024-10-31,566.1828002929688,575.5760806403686,573.2531176757813,591.220635122552
2024-11-01,565.7637939453125,575.5760806403686,567.0257047526042,566.8146071021675
2024-11-04,559.2998046875,575.5760806403686,563.1285931396484,567.1424104766312
2024-11-05,571.0208740234375,575.5760806403686,567.8219364420573,559.9941695980003
2024-11-06,570.6417846679688,575.5760806403686,572.69607421875,567.5477314695955
2024-11-07,590.2434692382812,575.5760806403686,581.9501595052084,571.5165605375602
2024-11-08,587.8892822265625,575.5760806403686,586.3638020833333,590.8726240837727
2024-11-11,581.7344360351562,575.5760806403686,582.4351936848958,589.2653132246169
2024-11-12,583.38037109375,575.5760806403686,583.0164556884765,582.4262800612695
2024-11-13,578.5722045898438,575.5760806403686,579.3938671875,579.9047703494518
2024-11-14,575.7391967773438,575.5760806403686,574.9496478271484,579.4445836755793
2024-11-15,552.716064453125,575.5760806403686,563.0967803955078,576.366014447254
2024-11-18,553.0352783203125,575.5760806403686,556.8544209798177,554.0898166602581
2024-11-19,559.7088012695312,575.5760806403686,559.6242309570313,553.7249000686928
2024-11-20,564.1279296875,575.5760806403686,563.5345589192708,556.2310335277517
2024-11-21,561.703857421875,575.5760806403686,562.4822993977865,564.998195701909
2024-11-22,557.7636108398438,575.5760806403686,560.6709238688151,562.3286146160732
2024-11-25,563.7188720703125,575.5760806403686,563.9911083984375,559.1353540620767
2024-11-26,572.1281127929688,575.5760806403686,568.7374603271485,564.4065349283858
2024-11-27,567.7987670898438,575.5760806403686,572.6935319010416,568.6484349730911
2024-11-29,572.90625,575.5760806403686,571.5323246256511,568.667170638589
2024-12-02,591.3706665039062,575.5760806403686,586.423272298177,573.5291909925543
2024-12-03,612.139404296875,575.5760806403686,601.6605360921224,592.7406386583883
2024-12-04,612.26904296875,575.5760806403686,614.0278070068359,612.8253402599266
2024-12-05,607.4309692382812,575.5760806403686,611.21751953125,608.7876814998182
2024-12-06,622.2345581054688,575.5760806403686,613.409072672526,608.2977311123116
2024-12-09,612.0595703125,575.5760806403686,615.620599568685,622.8558982633848
2024-12-10,617.7954711914062,575.5760806403686,615.6434735107422,613.4279819656992
2024-12-11,631.1224975585938,575.5760806403686,624.8966341145833,618.4798851216577
2024-12-12,629.2371826171875,575.5760806403686,625.8476564534506,627.6396517555189
2024-12-13,618.8229370117188,575.5760806403686,620.1315706380209,630.1024974527888
2024-12-16,623.2056274414062,575.5760806403686,620.9235756429036,619.4428661971093
2024-12-17,618.41357421875,575.5760806403686,619.0287204996745,624.5726630968674
2024-12-18,596.200439453125,575.5760806403686,604.4649780273437,619.0966467367117
2024-12-19,594.5830688476562,575.5760806403686,594.963891398112,592.716285840447
2024-12-20,584.2802124023438,575.5760806403686,589.6662388102213,595.4471079165322
2024-12-23,598.8560180664062,575.5760806403686,591.1970837402343,584.8988978928155
2024-12-24,606.742919921875,575.5760806403686,604.2848229980468,600.2218406118988
2024-12-26,602.3502197265625,575.5760806403686,603.1053257242838,607.424809441984
2024-12-27,598.8161010742188,575.5760806403686,597.0795684814453,598.8649129311935
2024-12-30,590.26025390625,575.5760806403686,594.4630104573567,599.6790155988161
2024-12-31,584.539794921875,575.5760806403686,587.2832940673828,590.8778432053022
2025-01-02,598.2470092773438,575.5760806403686,594.0179581705729,585.9045485885201
2025-01-03,603.6280517578125,575.5760806403686,603.0318428548177,598.9278561241817
2025-01-06,629.15576171875,575.5760806403686,619.576094563802,600.1417283744579
2025-01-07,616.8661499023438,575.5760806403686,619.4337440999349,630.0176845468661
2025-01-08,609.7080078125,575.5760806403686,612.3526949055989,617.4827728168476
2025-01-10,614.8394775390625,575.5760806403686,612.6439357503256,611.0718193006179
2025-01-13,607.322021484375,575.5760806403686,610.302105102539,615.5194055240231
2025-01-14,593.2653198242188,575.5760806403686,601.8645100911458,603.8348025265511
2025-01-15,616.097412109375,575.5760806403686,610.1550268554688,594.1263691184624
2025-01-16,610.2869873046875,575.5760806403686,613.8476015218099,616.7131826329673
2025-01-17,611.754638671875,575.5760806403686,611.0977073160807,611.6499681945794
2025-01-21,615.4385375976562,575.5760806403686,615.3452197265625,612.433756589497
2025-01-22,622.4668579101562,575.5760806403686,619.3596555582682,611.9505286310016
2025-01-23,635.3953857421875,575.5760806403686,628.6043831380208,623.3271370851598
2025-01-24,646.4170532226562,575.5760806403686,639.5892657470703,636.0104051717806
2025-01-27,658.7865600585938,575.5760806403686,656.8990490722656,647.7793016887821
2025-01-28,673.2125854492188,575.5760806403686,671.1087459309896,659.4649638477852
2025-01-29,675.3690185546875,575.5760806403686,677.1987935384115,669.7238801934515
2025-01-30,685.8616333007812,575.5760806403686,683.7521769205729,676.2286189585222
2025-01-31,688.0379638671875,575.5760806403686,689.4022302246094,686.475990804152
2025-02-03,696.3043212890625,575.5760806403686,694.26943359375,689.3995670185785
2025-02-04,703.0231323242188,575.5760806403686,700.5200231933594,696.9820957966506
2025-02-05,703.7020263671875,575.5760806403686,701.4884271240235,699.5338134105042
2025-02-06,710.8101806640625,575.5760806403686,707.8947680664063,704.5610284347042
2025-02-07,713.3359985351562,575.5760806403686,712.9126186116537,711.4239546453327
2025-02-10,716.2112426757812,575.5760806403686,715.6208878580729,714.6970327843893
2025-02-11,718.6072387695312,575.5760806403686,716.8068922932943,716.8884624788776
2025-02-12,724.1780395507812,575.5760806403686,722.6571221923828,715.1173789476395
2025-02-13,727.352783203125,575.5760806403686,726.7933817545573,725.0365140915472
2025-02-14,735.4493408203125,575.5760806403686,731.3429089355469,727.9660428656932
2025-02-18,715.1829223632812,575.5760806403686,720.9756260172526,736.8098734645414
2025-02-19,702.6038818359375,575.5760806403686,707.0956803385417,715.8596534910264
2025-02-20,693.6886596679688,575.5760806403686,695.7080590820312,699.1135454744957
2025-02-21,682.4172973632812,575.5760806403686,691.265254313151,694.5466693981334
2025-02-24,667.0228881835938,575.5760806403686,681.8849086507162,683.0301039215182
2025-02-25,656.4105224609375,575.5760806403686,660.991235148112,668.3829788027626
2025-02-26,672.5836791992188,575.5760806403686,664.1538873291015,657.0868224687574
2025-02-27,657.1492919921875,575.5760806403686,661.8902429199219,669.0929221678979
2025-02-28,667.0927734375,575.5760806403686,663.1182191975912,658.0068919015501
2025-03-03,653.9645385742188,575.5760806403686,655.9343979899088,667.7051800023005
2025-03-04,638.939453125,575.5760806403686,641.1607938639323,655.3242395206778
2025-03-05,655.3822021484375,575.5760806403686,648.9162978108724,639.6153735091129
2025-03-06,626.8894653320312,575.5760806403686,635.9182043457031,651.891074327673
2025-03-07,624.6232299804688,575.5760806403686,624.3129075113932,627.7467043790161
2025-03-10,596.9990844726562,575.5760806403686,607.7336047363282,625.235284221768
2025-03-11,604.7063598632812,575.5760806403686,603.9629557291667,598.3584421137365
2025-03-12,618.5333862304688,575.5760806403686,612.421543375651,605.3819453025219
2025-03-13,589.6613159179688,575.5760806403686,601.6174741617839,615.04193143978
2025-03-14,607.1328125,575.5760806403686,599.8314589436849,590.518236741445
2025-03-17,604.4349365234375,575.5760806403686,606.0102551269531,607.7445556705289
2025-03-18,581.9122314453125,575.5760806403686,590.6014223225911,605.7939913654833
2025-03-19,583.6109619140625,575.5760806403686,582.8677858479817,582.5875221664875
2025-03-20,585.5494384765625,575.5760806403686,583.9073317464192,580.1192190266331
2025-03-21,595.7915649414062,575.5760806403686,588.9364253743489,586.4060785621464
2025-03-24,618.3742065429688,575.5760806403686,610.1099348958334,596.4030342998576
2025-03-25,625.8284912109375,575.5760806403686,622.7422047932943,619.7329939016444
2025-03-26,610.51025390625,575.5760806403686,615.5484002685547,626.5035214950647
2025-03-27,602.11669921875,575.5760806403686,606.2910518391927,607.0182575559797
2025-03-28,576.2965698242188,575.5760806403686,584.7681608072917,602.9730920598745
2025-03-31,575.9168701171875,575.5760806403686,580.3714424641927,576.9077985752327
2025-04-01,585.5494384765625,575.5760806403686,583.1941821289063,577.275422392796
2025-04-02,583.4810180664062,575.5760806403686,582.722260538737,586.2242391009806
2025-04-03,531.2112426757812,575.5760806403686,552.1766937255859,579.9887979474211
2025-04-04,504.3419494628906,575.5760806403686,517.5859153238932,532.0674178355898
2025-04-07,515.8530883789062,575.5760806403686,512.6368670654297,504.95296581558125
2025-04-08,510.05755615234375,575.5760806403686,521.3601889038086,517.2114331939406
2025-04-09,585.3196411132812,575.5760806403686,557.7037881469727,510.73215468220855
2025-04-10,545.8699951171875,575.5760806403686,560.5400813802083,581.827222196603
2025-04-11,543.152099609375,575.5760806403686,542.5772305297852,546.7259780413427
2025-04-14,531.0713500976562,575.5760806403686,537.1731913248698,543.7629285280943
2025-04-15,521.1190795898438,575.5760806403686,524.8978711954752,532.4295122797544
2025-04-16,501.9237976074219,575.5760806403686,515.2939125569661,521.7935007752692
2025-04-17,501.0944519042969,575.5760806403686,502.56580708821616,498.4312051607929
2025-04-21,484.2873840332031,575.5760806403686,490.4703251139323,501.95026511184955
2025-04-22,499.8953552246094,575.5760806403686,491.7551298014323,484.8980478176286
2025-04-23,519.8699951171875,575.5760806403686,507.961335550944,501.2533558748785
2025-04-24,532.7401123046875,575.5760806403686,528.0908732096354,520.5442586502163
2025-04-25,546.8492431640625,575.5760806403686,540.8976990763347,529.2473664073995
2025-04-28,549.3173217773438,575.5760806403686,545.4110780843099,547.7049065537556
2025-04-29,554.0137329101562,575.5760806403686,552.5742845662435,549.927839944803
2025-04-30,548.577880859375,575.5760806403686,553.944883219401,555.3715917247458
2025-05-01,571.7700805664062,575.5760806403686,563.9764491780599,549.252006208698
2025-05-02,596.56103515625,575.5760806403686,588.0551629638671,568.2771995249819
2025-05-05,598.8092651367188,575.5760806403686,600.6365891520182,597.4165665417527
2025-05-06,586.8584594726562,575.5760806403686,592.6849761962891,599.4196549327129
2025-05-07,596.3511352539062,575.5760806403686,593.1867114257813,588.2161932227797
2025-05-08,597.5502319335938,575.5760806403686,597.8925258382161,597.0251385999271
2025-05-09,592.0344848632812,575.5760806403686,594.6080448404948,594.0572322392786
2025-05-12,638.9383544921875,575.5760806403686,624.1408026123047,592.8899003507796
2025-05-13,655.525634765625,575.5760806403686,650.5613250732422,639.5486302978916
2025-05-14,658.85302734375,575.5760806403686,656.019912516276,656.8832579410077
2025-05-15,643.3849487304688,575.5760806403686,655.3334903971354,659.5269230915626
2025-05-16,639.8477172851562,575.5760806403686,643.0028580729166,639.8918443275737
2025-05-19,639.9376220703125,575.5760806403686,644.0390083821615,640.7030309198194
2025-05-20,636.6101684570312,575.5760806403686,640.180205078125,640.5477984980553
2025-05-21,635.0114135742188,575.5760806403686,634.0316839599609,637.9676945041437
2025-05-22,636.08056640625,575.5760806403686,633.2953021240235,635.6852143521405
2025-05-23,626.577880859375,575.5760806403686,630.3810784912109,632.5873694279375
2025-05-27,641.826171875,575.5760806403686,633.7213930257161,627.4331043859794
2025-05-28,643.085205078125,575.5760806403686,644.3133042399088,642.4362601019042
2025-05-29,644.5540771484375,575.5760806403686,645.4961895751953,644.4426453156727
2025-05-30,646.9921875,575.5760806403686,648.8828918457032,645.2277943002839
2025-06-02,670.3842163085938,575.5760806403686,662.7487158203126,643.4989089041698
2025-06-03,666.3372802734375,575.5760806403686,669.068569132487,671.2393600542644
2025-06-04,687.4210815429688,575.5760806403686,678.3566253662109,666.9472911276667
2025-06-05,684.0936279296875,575.5760806403686,684.9101334635417,688.7784458918003
2025-06-06,697.173583984375,575.5760806403686,692.6185622151693,684.7672714654832
2025-06-09,693.5263671875,575.5760806403686,696.0719071451823,693.6802336195377
2025-06-10,701.8599853515625,575.5760806403686,699.8005102539063,694.3814409326155
2025-06-11,693.6063232421875,575.5760806403686,695.486054280599,702.4699279501506
2025-06-12,692.826904296875,575.5760806403686,695.1607059733072,694.9636211412394
2025-06-13,682.344970703125,575.5760806403686,688.135879313151,693.5004830011926
2025-06-16,702.1199951171875,575.5760806403686,697.435473836263,678.851557210498
2025-06-17,697.22998046875,575.5760806403686,699.1987967936197,702.9750068199055
2025-06-18,695.77001953125,575.5760806403686,697.7642132568359,697.8398628641913
2025-06-20,682.3499755859375,575.5760806403686,691.8081298828125,697.1272586662117
2025-06-23,698.530029296875,575.5760806403686,696.7000984700521,683.0234971176042
2025-06-24,712.2000122070312,575.5760806403686,707.6536891682942,695.036559918391
2025-06-25,708.6799926757812,575.5760806403686,711.2935646565755,713.0549692528444
2025-06-26,726.0900268554688,575.5760806403686,719.8851570638021,709.2898219948632
2025-06-27,733.6300048828125,575.5760806403686,728.3811462402343,727.447213808134
2025-06-30,738.0900268554688,575.5760806403686,733.0135624186198,734.3034759318772
2025-07-01,719.219970703125,575.5760806403686,728.0190808105468,734.596508445505
2025-07-02,713.5700073242188,575.5760806403686,716.8340370686849,720.0748800162231
2025-07-03,719.010009765625,575.5760806403686,716.617426147461,714.179790091397
2025-07-07,718.3499755859375,575.5760806403686,718.0100736490886,720.3671511530072
2025-07-08,720.6699829101562,575.5760806403686,721.0297365315755,719.0234022348793
2025-07-09,732.780029296875,575.5760806403686,728.1046256510417,717.1764209464886
2025-07-10,727.239990234375,575.5760806403686,727.0336079915364,733.6348959313427
2025-07-11,717.510009765625,575.5760806403686,720.6317002360026,727.8497318623197
2025-07-14,720.9199829101562,575.5760806403686,717.7968141682943,718.8671110828393
2025-07-15,710.3900146484375,575.5760806403686,713.9368699137369,721.5933703122943
2025-07-16,702.9099731445312,575.5760806403686,708.5229829915364,706.8964147729492
2025-07-17,701.4099731445312,575.5760806403686,702.2040026855469,703.7648025517713
2025-07-18,704.280029296875,575.5760806403686,703.0868033854167,702.0196783074897
2025-07-21,712.969970703125,575.5760806403686,713.034400024414,705.6370950951523
2025-07-22,704.8099975585938,575.5760806403686,708.2053965250651,713.6433233158026
2025-07-23,713.5800170898438,575.5760806403686,712.976776936849,701.3163640084418
2025-07-24,714.7999877929688,575.5760806403686,714.3043662516276,714.4348133982949
2025-07-25,712.6799926757812,575.5760806403686,713.7852876790365,715.4096609084133
2025-07-28,717.6300048828125,575.5760806403686,715.4283032226563,714.0370273447767
2025-07-29,700.0,575.5760806403686,708.731826578776,718.3033269085001
2025-07-30,695.2100219726562,575.5760806403686,700.2946331787109,696.5063370897823
2025-07-31,773.4400024414062,575.5760806403686,743.4738785807292,696.0647893840016
2025-08-01,750.010009765625,575.5760806403686,753.1732497151693,774.0496461224238
2025-08-04,776.3699951171875,575.5760806403686,768.0741723632813,751.3670172658601
2025-08-05,763.4600219726562,575.5760806403686,760.7216975911458,777.0432897345652
2025-08-06,771.989990234375,575.5760806403686,770.0770869954428,759.9663329711882
2025-08-07,761.8300170898438,575.5760806403686,764.2436594645183,772.8447327114536
2025-08-08,769.2999877929688,575.5760806403686,767.7709999593098,762.4396361415545
2025-08-11,765.8699951171875,575.5760806403686,765.9018280029297,770.6569710500532
2025-08-12,790.0,575.5760806403686,781.2415614827474,766.5432661020972
2025-08-13,780.0800170898438,575.5760806403686,776.2118619791667,786.5062876186313
2025-08-14,782.1300048828125,575.5760806403686,779.3003098551433,780.9347370902744
2025-08-15,785.22998046875,575.5760806403686,779.8158610026042,782.7396019816158
2025-08-18,767.3699951171875,575.5760806403686,769.3312245686849,786.5869422641973
2025-08-19,751.47998046875,575.5760806403686,756.8593729654948,768.0432457328822
2025-08-20,747.719970703125,575.5760806403686,749.8672896321615,747.9862480234
2025-08-21,739.0999755859375,575.5760806403686,742.0819569905599,748.5746708432306
2025-08-22,754.7899780273438,575.5760806403686,747.9638946533203,739.7095535048078
2025-08-25,753.2999877929688,575.5760806403686,752.2485900878906,756.1469205425057
2025-08-26,754.0999755859375,575.5760806403686,753.8710367838542,753.9732197920681
2025-08-27,747.3800048828125,575.5760806403686,749.869063313802,750.6062251176
2025-08-28,751.1099853515625,575.5760806403686,749.2416017659506,748.2346874781647
2025-08-29,738.7000122070312,575.5760806403686,742.7682224527995,751.7195462797215
2025-09-02,735.1099853515625,575.5760806403686,738.8714603678385,740.0569383235375
2025-09-03,737.0499877929688,575.5760806403686,732.3630173746744,735.7832011933816
2025-09-04,748.6500244140625,575.5760806403686,740.583564046224,733.5562214582894
2025-09-05,752.4500122070312,575.5760806403686,751.4707753499349,749.5046913780802
2025-09-08,752.2999877929688,575.5760806403686,752.2049513753255,753.0595579344192
2025-09-09,765.1835327148438,575.5760806403686,759.6819594319661,753.656899147529
2025-09-10,751.4727783203125,575.5760806403686,755.2759515380859,765.856734078178
2025-09-11,750.3935546875,575.5760806403686,755.6091198730469,747.9789984201353
2025-09-12,755.0803833007812,575.5760806403686,751.5317191569011,751.2482081226615
2025-09-15,764.1842041015625,575.5760806403686,759.2586938476562,755.6899157224465
2025-09-16,778.4745483398438,575.5760806403686,772.1169614664714,765.5411025199778
2025-09-17,775.19677734375,575.5760806403686,773.6285611979166,779.1477368142155
2025-09-18,779.7237548828125,575.5760806403686,775.6123211669922,771.7029851721463
2025-09-19,777.85498046875,575.5760806403686,776.2047157796223,780.5783962668881
2025-09-22,765.1599731445312,575.5760806403686,767.7382491048177,778.4645013523724
2025-09-23,755.4000244140625,575.5760806403686,758.1883909098307,766.5168605408617
2025-09-24,760.6599731445312,575.5760806403686,758.7270204671224,756.0732019650443
2025-09-25,748.9099731445312,575.5760806403686,753.2638043212891,757.1661701366775
2025-09-26,743.75,575.5760806403686,745.9941418457031,749.7646040990212
2025-09-29,743.4000244140625,575.5760806403686,742.9515250651042,744.3595105253631
2025-09-30,734.3800048828125,575.5760806403686,739.0537906901042,744.7569016066985
2025-10-01,717.3400268554688,575.5760806403686,723.7085489908854,735.0531727918617
2025-10-02,727.0499877929688,575.5760806403686,722.8728538004557,713.8462145001893
2025-10-03,710.5599975585938,575.5760806403686,715.6021978759766,727.9046091405683
2025-10-06,715.6599731445312,575.5760806403686,715.8191501871745,711.1694992264987
2025-10-07,713.0800170898438,575.5760806403686,714.3886881510417,717.0168413074186
2025-10-08,717.8400268554688,575.5760806403686,717.1685856119792,713.7531761962878
2025-10-09,733.510009765625,575.5760806403686,726.1183666992188,714.3462060761017
2025-10-10,705.2999877929688,575.5760806403686,714.3757112630209,734.364622504453
2025-10-13,715.7000122070312,575.5760806403686,714.4251377360026,705.9094818572978
2025-10-14,708.6500244140625,575.5760806403686,710.7833764648437,717.0568724017181
2025-10-15,717.5499877929688,575.5760806403686,715.7719193522136,709.3231760610312
2025-10-16,712.0700073242188,575.5760806403686,714.3835697428385,714.0561596877367
2025-10-17,716.9199829101562,575.5760806403686,715.5836108398438,712.9246126495865
2025-10-20,732.1699829101562,575.5760806403686,726.6648423258464,717.529469826641
2025-10-21,733.27001953125,575.5760806403686,728.7339113362631,733.5268359679521
2025-10-22,733.4099731445312,575.5760806403686,732.5667130533855,733.9431645207652
2025-10-23,734.0,575.5760806403686,730.6407242838542,729.916138525573
2025-10-24,738.3599853515625,575.5760806403686,734.103339436849,734.8545989196909
2025-10-27,750.8200073242188,575.5760806403686,744.3773665364583,738.9694661668306
2025-10-28,751.4400024414062,575.5760806403686,750.1867576090494,752.1768542080133
2025-10-29,751.6699829101562,575.5760806403686,745.3196327718099,752.1131415235163
2025-10-30,666.469970703125,575.5760806403686,703.4493837483724,748.1761425727816
2025-10-31,648.3499755859375,575.5760806403686,658.142622273763,667.324565274449
2025-11-03,637.7100219726562,575.5760806403686,639.9909375,648.9594513410158
2025-11-04,627.3200073242188,575.5760806403686,627.6264396158854,639.0668637273623
2025-11-05,635.9500122070312,575.5760806403686,630.6867926025391,627.9931413623542
2025-11-06,618.9400024414062,575.5760806403686,622.2452797444662,632.4561658298039
2025-11-07,621.7100219726562,575.5760806403686,621.9312182617188,619.7945916854126
2025-11-10,631.760009765625,575.5760806403686,625.8981158447266,622.3194926645181
2025-11-11,627.0800170898438,575.5760806403686,626.2265022786459,633.1168464961327
2025-11-12,609.010009765625,575.5760806403686,616.0042771402995,627.7531466515635
2025-11-13,609.8900146484375,575.5760806403686,609.8231931559245,605.5161590870495
2025-11-14,609.4600219726562,575.5760806403686,609.7553139241536,610.7445994167592
2025-11-17,602.010009765625,575.5760806403686,604.6940852864583,610.0694885308227
2025-11-18,597.6900024414062,575.5760806403686,598.0258524576823,603.3668424457052
2025-11-19,590.3200073242188,575.5760806403686,592.0097483317057,598.3631278184458
2025-11-20,589.1500244140625,575.5760806403686,589.0383475748698,586.8261527751879
2025-11-21,594.25,575.5760806403686,592.7262235514323,590.0046053051547
2025-11-24,613.0499877929688,575.5760806403686,607.4228448486328,594.8594626524541
2025-11-25,636.219970703125,575.5760806403686,629.2506762695313,614.4068164460366
2025-11-26,633.6099853515625,575.5760806403686,633.9853505452473,636.8930920771666
2025-11-28,647.9500122070312,575.5760806403686,642.1497896321615,630.116127357761
2025-12-01,640.8699951171875,575.5760806403686,644.6832413736979,648.8045894932553
2025-12-02,647.0999755859375,575.5760806403686,645.4699306233724,641.4794547852565
2025-12-03,639.5999755859375,575.5760806403686,643.408052368164,648.4568012370032
2025-12-04,660.425537109375,575.5760806403686,654.7322778320313,640.273094013523
2025-12-05,672.2955932617188,575.5760806403686,666.931029663086,656.9316759152525
2025-12-08,665.6866455078125,575.5760806403686,667.9553755696614,673.1501673291989
2025-12-09,655.8631591796875,575.5760806403686,663.2075644938151,666.2961023911622
2025-12-10,649.0444946289062,575.5760806403686,652.9663153076172,657.2199820774271
2025-12-11,651.6201782226562,575.5760806403686,650.2830456542969,649.7176105706774
2025-12-12,643.1543579101562,575.5760806403686,645.2614577229817,648.126314547267
2025-12-15,646.9561157226562,575.5760806403686,646.4014359537761,644.0089294098124
2025-12-16,656.587890625,575.5760806403686,653.1638926188151,647.5655698493905
2025-12-17,648.9443969726562,575.5760806403686,652.4345147705078,657.9447107490178
2025-12-18,663.881591796875,575.5760806403686,655.7777689615885,649.6175105855766
2025-12-19,658.2064819335938,575.5760806403686,659.1623398844401,660.3877254831764
2025-12-22,660.9341430664062,575.5760806403686,659.9907623291016,659.0610511486759
2025-12-23,664.3711547851562,575.5760806403686,662.7817331949869,661.543595005153
2025-12-24,666.9789428710938,575.5760806403686,664.7237241617838,665.727972606799
2025-12-26,662.7225952148438,575.5760806403686,661.104506225586,667.6520544150919
2025-12-29,658.1265258789062,575.5760806403686,659.2544059244792,659.2287269173916
2025-12-30,665.3803100585938,575.5760806403686,662.8928444417318,658.9810930707537
2025-12-31,659.5253295898438,575.5760806403686,659.7591625976562,665.9897599419918
2026-01-02,649.8535766601562,575.5760806403686,652.6881473795573,660.882145585858
2026-01-05,658.2264404296875,575.5760806403686,652.7646181233724,650.5266864243583
2026-01-06,660.0548706054688,575.5760806403686,658.9059981282552,654.7325701312378
2026-01-07,648.1350708007812,575.5760806403686,651.8928643798828,660.909435972605
2026-01-08,645.50732421875,575.5760806403686,645.9217327880859,648.7445190770317
2026-01-09,652.5013427734375,575.5760806403686,652.1499300130208,646.8641384028165
2026-01-12,641.4207763671875,575.5760806403686,645.525873006185,653.174450807121
2026-01-13,630.5501708984375,575.5760806403686,636.5267437744141,637.9269047016825
2026-01-14,614.9934692382812,575.5760806403686,617.8000630696614,631.4047346773227
2026-01-15,620.2689208984375,575.5760806403686,620.0832743326823,615.6029161143318
2026-01-16,619.7194213867188,575.5760806403686,619.6464324951172,621.6257335422198
2026-01-20,603.6032104492188,575.5760806403686,607.5468351236979,620.3925278786145
2026-01-21,612.4356689453125,575.5760806403686,607.6937969970703,600.109337464587
2026-01-22,647.0759887695312,575.5760806403686,634.2842510986328,613.2902309347365
2026-01-23,658.1964721679688,575.5760806403686,657.3793336995443,647.6854337455272
2026-01-26,671.7847900390625,575.5760806403686,669.2027400716146,659.5532833230964
2026-01-27,672.394287109375,575.5760806403686,672.1976442464193,672.4578948667344
2026-01-28,668.1578979492188,575.5760806403686,676.5259057617187,668.9004129056399
2026-01-29,737.6784057617188,575.5760806403686,711.552568359375,669.0124591165924
2026-01-30,715.8870849609375,575.5760806403686,711.3432163492838,738.2878487731723
2026-02-02,705.8056640625,575.5760806403686,707.9407444254557,717.2438954481141
2026-02-03,691.1082763671875,575.5760806403686,700.9805995686849,706.4787679700544
2026-02-04,668.417724609375,575.5760806403686,686.8309478759766,687.6144012664311
2026-02-05,669.63671875,575.5760806403686,673.2751548258464,669.2722856733325
2026-02-06,660.8941650390625,575.5760806403686,664.6768656412761,670.2461607820801
2026-02-09,676.640625,575.5760806403686,670.2951094563803,662.2509744075983
2026-02-10,670.1461791992188,575.5760806403686,674.0352396647136,677.3137274715508
2026-02-11,668.1179809570312,575.5760806403686,669.2162445068359,666.6523029513636
2026-02-12,649.254150390625,575.5760806403686,655.9879718017578,668.9725409526584
2026-02-13,639.2227172851562,575.5760806403686,641.1373333740235,649.863591685187
2026-02-17,638.7431030273438,575.5760806403686,640.979262084961,640.5795260026324
2026-02-18,642.6697387695312,575.5760806403686,642.1989115397135,639.4162046285782
2026-02-19,644.2284545898438,575.5760806403686,643.6833172607422,639.1758615861327
2026-02-20,655.09912109375,575.5760806403686,651.8699737548828,645.0830134675916
2026-02-23,636.7048950195312,575.5760806403686,644.4812213134766,655.7085612122873
2026-02-24,638.7531127929688,575.5760806403686,635.5814725748697,638.0617031464575
2026-02-25,653.1307983398438,575.5760806403686,649.9740132649739,639.4262136233414
2026-02-26,656.447998046875,575.5760806403686,655.3724861653645,649.636920253334
2026-02-27,647.62548828125,575.5760806403686,650.4073449707031,657.3025562025783
2026-03-02,653.0009155273438,575.5760806403686,652.0474879964192,648.2349276674553
2026-03-03,654.5196533203125,575.5760806403686,653.8908974202474,654.3577227920748
2026-03-04,667.1587524414062,575.5760806403686,661.5115724690755,655.1927535997328
2026-03-05,660.0049438476562,575.5760806403686,660.0162432861329,663.6648736350388
2026-03-06,644.308349609375,575.5760806403686,649.461620686849,660.8595013320376
2026-03-09,646.836181640625,575.5760806403686,649.0087929280598,644.9177886043047
2026-03-10,653.510498046875,575.5760806403686,652.0398404947916,648.1929882747173
2026-03-11,654.2998046875,575.5760806403686,651.4999326578776,654.1835977602826
2026-03-12,637.6340942382812,575.5760806403686,642.8231642659505,650.8059253023899
2026-03-13,613.1849975585938,575.5760806403686,624.248056640625,638.4886511519572
2026-03-16,627.4500122070312,575.5760806403686,624.6641815185546,613.7944363076091
2026-03-17,622.6599731445312,575.5760806403686,623.4018745930989,628.8068181494166
2026-03-18,615.6799926757812,575.5760806403686,612.9075697835286,623.3330724374971
2026-03-19,606.7000122070312,575.5760806403686,610.6414180501303,612.1861127456302
2026-03-20,593.6599731445312,575.5760806403686,599.3797239176432,607.554568370296
2026-03-23,604.0599975585938,575.5760806403686,601.1401401774089,594.2694116244096
2026-03-24,592.9199829101562,575.5760806403686,597.1128780110677,605.4168028691828
2026-03-25,594.8900146484375,575.5760806403686,590.7406024169921,593.5930818081251
2026-03-26,547.5399780273438,575.5760806403686,565.4041312662761,591.3961341447903
2026-03-27,525.719970703125,575.5760806403686,538.1812321980794,548.3945342252894
2026-03-30,536.3800048828125,575.5760806403686,538.1883422851563,526.3294091171578
2026-03-31,572.1300048828125,575.5760806403686,557.5842959594727,537.7368095322871
2026-04-01,579.22998046875,575.5760806403686,576.5269562784831,572.8031028055702
2026-04-02,574.4600219726562,575.5760806403686,574.388197631836,575.7360990179939
