Date,Close,High,Low,Open,Volume,Ticker,MA20,MA50,Daily Return,Volatility20
2024-01-02,248.4199981689453,251.25,244.41000366210935,250.0800018310547,104654200,TSLA,,,,
2024-01-03,238.4499969482422,245.67999267578125,236.32000732421875,244.97999572753903,121082600,TSLA,,,-0.04013364984377277,
2024-01-04,237.92999267578125,242.6999969482422,237.72999572753903,239.25,102629300,TSLA,,,-0.0021807686270334248,
2024-01-05,237.4900054931641,240.1199951171875,234.8999938964844,236.8600006103516,92488900,TSLA,,,-0.0018492295892124089,
2024-01-08,240.4499969482422,241.25,235.3000030517578,236.13999938964844,85166600,TSLA,,,0.012463646412957274,
2024-01-09,234.9600067138672,238.9600067138672,232.0399932861328,238.1100006103516,96705700,TSLA,,,-0.02283214932024613,
2024-01-10,233.94000244140625,235.5,231.2899932861328,235.1000061035156,91628500,TSLA,,,-0.004341182513256769,
2024-01-11,227.22000122070312,230.92999267578125,225.3699951171875,230.57000732421875,105873600,TSLA,,,-0.028725319101363445,
2024-01-12,218.88999938964844,225.33999633789065,217.1499938964844,220.0800018310547,123043800,TSLA,,,-0.036660513098772496,
2024-01-16,219.91000366210935,223.4900054931641,212.17999267578125,215.1000061035156,115355000,TSLA,,,0.004659894354722027,
2024-01-17,215.5500030517578,215.6699981689453,212.00999450683597,214.8600006103516,103164400,TSLA,,,-0.019826295019532925,
2024-01-18,211.8800048828125,217.4499969482422,208.7400054931641,216.8800048828125,108595400,TSLA,,,-0.017026203279914,
2024-01-19,212.19000244140625,213.19000244140625,207.55999755859372,209.9900054931641,102260300,TSLA,,,0.0014630807600990448,
2024-01-22,208.8000030517578,217.8000030517578,206.2700042724609,212.25999450683597,117952500,TSLA,,,-0.015976244642273096,
2024-01-23,209.13999938964844,215.6499938964844,207.75,211.3000030517578,106605900,TSLA,,,0.0016283349277841364,
2024-01-24,207.8300018310547,212.72999572753903,206.7700042724609,211.8800048828125,123369900,TSLA,,,-0.006263735117226887,
2024-01-25,182.6300048828125,193.0,180.05999755859375,189.6999969482422,198076800,TSLA,,,-0.12125293136804816,
2024-01-26,183.25,186.77999877929688,182.1000061035156,185.5,107343200,TSLA,,,0.0033948152034783963,
2024-01-29,190.92999267578125,191.47999572753903,183.6699981689453,185.6300048828125,125013100,TSLA,,,0.04190991910385411,
2024-01-30,191.58999633789065,196.3600006103516,190.6100006103516,195.3300018310547,109982300,TSLA,217.57250061035157,,0.0034567835721344142,
2024-01-31,187.2899932861328,193.97000122070312,185.8500061035156,187.0,103221400,TSLA,214.51600036621093,,-0.02244377647032414,0.03146753656330372
2024-02-01,188.8600006103516,189.8800048828125,184.27999877929688,188.5,91843300,TSLA,212.0365005493164,,0.008382761388752824,0.031177185731454136
2024-02-02,187.91000366210935,188.69000244140625,182.0,185.0399932861328,110612700,TSLA,209.5355010986328,,-0.0050301649114268265,0.03114076707249976
2024-02-05,181.05999755859372,184.67999267578125,175.00999450683594,184.25999450683597,134294400,TSLA,206.7140007019043,,-0.03645365318513305,0.03154998662472587
2024-02-06,185.1000061035156,186.4900054931641,177.11000061035156,177.2100067138672,122676000,TSLA,203.94650115966797,,0.0223130928940527,0.03204099265265415
2024-02-07,187.5800018310547,189.7899932861328,182.67999267578125,188.17999267578125,111535200,TSLA,201.57750091552734,,0.013398139631352501,0.03244659053238645
2024-02-08,189.55999755859372,191.6199951171875,185.5800018310547,189.0,83034000,TSLA,199.3585006713867,,0.010555473441792307,0.032768891414426536
2024-02-09,193.57000732421875,194.1199951171875,189.47999572753903,190.17999267578125,84476300,TSLA,197.6760009765625,,0.02115430374167171,0.03315851853422342
2024-02-12,188.1300048828125,194.72999572753903,187.27999877929688,192.1100006103516,95498600,TSLA,196.13800125122071,,-0.028103539988478476,0.03281493997304073
2024-02-13,184.0200042724609,187.25999450683597,182.1100006103516,183.9900054931641,86759500,TSLA,194.34350128173827,,-0.021846598116614824,0.032854355765293684
2024-02-14,188.7100067138672,188.88999938964844,183.3500061035156,185.3000030517578,81203000,TSLA,193.00150146484376,,0.025486372853585237,0.03357421744329561
2024-02-15,200.4499969482422,200.8800048828125,188.8600006103516,189.16000366210935,120831800,TSLA,192.43000106811525,,0.06221180550417671,0.03673848421906718
2024-02-16,199.9499969482422,203.1699981689453,197.3999938964844,202.05999755859372,111346700,TSLA,191.81800079345703,,-0.0024943876658132247,0.03672893518281961
2024-02-20,193.75999450683597,198.6000061035156,189.1300048828125,196.1300048828125,104545800,TSLA,191.06600036621094,,-0.03095775211743823,0.03717265819679504
2024-02-21,194.7700042724609,199.44000244140625,191.9499969482422,193.3600006103516,103500300,TSLA,190.34750061035157,,0.005212684735028228,0.03720501548680757
2024-02-22,197.41000366210935,198.32000732421875,191.3600006103516,194.0,92739500,TSLA,189.8265007019043,,0.013554445406056326,0.03737336416920182
2024-02-23,191.97000122070312,197.57000732421875,191.5,195.30999755859372,78841900,TSLA,190.29350051879882,,-0.027556873210526023,0.025658289250743628
2024-02-26,199.3999938964844,201.77999877929688,192.0,192.2899932861328,111747100,TSLA,191.10100021362305,,0.03870392576202164,0.026886214258427587
2024-02-27,199.72999572753903,205.6000061035156,198.25999450683597,204.0399932861328,108645400,TSLA,191.54100036621094,,0.001654974128163511,0.025410233965012283
2024-02-28,202.0399932861328,205.3000030517578,198.44000244140625,200.4199981689453,99806200,TSLA,192.06350021362306,,0.01156560160219966,0.025489864253511657
2024-02-29,201.8800048828125,205.27999877929688,198.4499969482422,204.17999267578125,85907000,TSLA,192.79300079345703,,-0.0007918650199801869,0.02480448119867795
2024-03-01,202.63999938964844,204.5200042724609,198.5,200.5200042724609,82243100,TSLA,193.48200073242188,,0.003764585340074067,0.024783490551629105
2024-03-04,188.13999938964844,199.75,186.72000122070312,198.72999572753903,134334900,TSLA,193.49350051879884,,-0.07155546804023882,0.029957572002705112
2024-03-05,180.7400054931641,184.58999633789065,177.57000732421875,183.0500030517578,119660800,TSLA,193.47750091552734,,-0.03933237971984116,0.030150713305138844
2024-03-06,176.5399932861328,181.5800018310547,173.6999969482422,179.99000549316406,107920900,TSLA,193.04950027465821,,-0.02323786698783814,0.030124497117023943
2024-03-07,178.64999389648438,180.0399932861328,173.6999969482422,174.35000610351562,102129000,TSLA,192.60299987792968,,0.011951969472048907,0.030087479264011324
2024-03-08,175.33999633789062,182.72999572753903,174.6999969482422,181.5,85544600,TSLA,191.89199981689453,,-0.018527834714126334,0.03015131402792692
2024-03-11,177.77000427246094,182.8699951171875,174.8000030517578,175.4499969482422,85391500,TSLA,191.10199966430665,,0.013858834181150304,0.029880807798608952
2024-03-12,177.5399932861328,179.42999267578125,172.41000366210938,177.77000427246094,87391700,TSLA,190.57249908447267,,-0.0012938683737420131,0.029330466881115107
2024-03-13,169.47999572753906,176.0500030517578,169.14999389648438,173.0500030517578,106524500,TSLA,189.84549865722656,200.42880004882812,-0.04539820808488959,0.03059442077737596
2024-03-14,162.5,171.1699981689453,160.50999450683594,167.77000427246094,126325700,TSLA,188.5349983215332,198.7104000854492,-0.04118477639544138,0.030882479617606092
2024-03-15,163.57000732421875,165.17999267578125,160.75999450683594,163.16000366210938,97146800,TSLA,186.69099884033204,197.21280029296875,0.006584660456730784,0.026518309632703768
2024-03-18,173.8000030517578,174.72000122070312,165.89999389648438,170.02000427246094,108214400,TSLA,185.3834991455078,195.93020050048827,0.06254200201423088,0.031057092041866
2024-03-19,171.32000732421875,172.82000732421875,167.4199981689453,172.36000061035156,77271400,TSLA,184.26149978637696,194.60680053710936,-0.014269250195585559,0.030586641658836657
2024-03-20,175.66000366210938,176.25,170.82000732421875,173.0,83846700,TSLA,183.30599975585938,193.31100067138672,0.025332688257929448,0.03128688737302067
2024-03-21,172.82000732421875,178.17999267578125,171.8000030517578,176.38999938964844,73178000,TSLA,182.07649993896484,192.06820068359374,-0.016167575308454918,0.031080297890363283
2024-03-22,170.8300018310547,171.1999969482422,166.3000030517578,166.69000244140625,75580600,TSLA,181.0194999694824,190.80600067138673,-0.01151490226146512,0.030703974021112156
2024-03-25,172.6300048828125,175.24000549316406,168.72999572753906,168.75999450683594,74228600,TSLA,179.68100051879884,189.7142007446289,0.010536808713131895,0.029184560458566988
2024-03-26,177.6699981689453,184.25,177.3800048828125,178.5800018310547,113186200,TSLA,178.57800064086913,188.88980072021485,0.029195349264770964,0.03023405263432507
2024-03-27,179.8300018310547,181.91000366210935,176.0,181.41000366210935,81804000,TSLA,177.46750106811524,188.08820068359375,0.012157391142962881,0.030251811784167863
2024-03-28,175.7899932861328,179.57000732421875,175.3000030517578,177.4499969482422,77654800,TSLA,176.16300048828126,187.29300048828125,-0.022465709302040393,0.030466716433449385
2024-04-01,175.22000122070312,176.75,170.2100067138672,176.1699981689453,81562100,TSLA,174.792000579834,186.55980041503906,-0.003242460249155976,0.03038323162510082
2024-04-02,166.6300048828125,167.69000244140625,163.42999267578125,164.75,116650600,TSLA,173.71650085449218,185.64860046386718,-0.049024062767074494,0.028194774690725243
2024-04-03,168.3800048828125,168.82000732421875,163.27999877929688,164.02000427246094,82950100,TSLA,173.0985008239746,184.8402005004883,0.01050231020055925,0.027249981540080973
2024-04-04,171.11000061035156,177.19000244140625,168.00999450683594,170.07000732421875,123162000,TSLA,172.82700119018554,184.07960052490233,0.016213301154368365,0.02714957130286885
2024-04-05,164.89999389648438,170.86000061035156,160.50999450683594,169.0800018310547,143157600,TSLA,172.13950119018554,183.22100036621094,-0.036292482565110196,0.028046941552236606
2024-04-08,172.97999572753906,174.5,167.7899932861328,169.33999633789062,104423300,TSLA,172.02150115966796,183.02800018310546,0.04899940648952894,0.03014433687889552
2024-04-09,176.8800048828125,179.22000122070312,171.9199981689453,172.91000366210938,102951700,TSLA,171.97700119018555,182.90060028076172,0.02254601255405486,0.03041961379605197
2024-04-10,171.75999450683594,174.92999267578125,170.00999450683594,173.0399932861328,84532400,TSLA,171.6880012512207,182.51720031738282,-0.028946236061948905,0.03111106671088214
2024-04-11,174.60000610351562,175.8800048828125,168.50999450683594,172.5500030517578,94516000,TSLA,171.94400177001953,182.1774005126953,0.01653476762638495,0.029521340113465046
2024-04-12,171.0500030517578,173.80999755859375,170.36000061035156,172.33999633789062,64722700,TSLA,172.37150192260742,181.8526007080078,-0.020332204625772565,0.028260847695651372
2024-04-15,161.47999572753906,170.69000244140625,161.3800048828125,170.24000549316406,100245300,TSLA,172.26700134277343,181.30500061035156,-0.05594859487563397,0.031148590431960017
2024-04-16,157.11000061035156,158.19000244140625,153.75,156.74000549316406,97000000,TSLA,171.43250122070313,180.6890005493164,-0.027062145360474688,0.02792963416356344
2024-04-17,155.4499969482422,158.3300018310547,153.77999877929688,157.63999938964844,82439700,TSLA,170.6390007019043,180.1768005371094,-0.010565868854054306,0.027874812527427094
2024-04-18,149.92999267578125,152.1999969482422,148.6999969482422,151.25,96098800,TSLA,169.35250015258788,179.47340026855468,-0.03550983840996058,0.027770110392594357
2024-04-19,147.0500030517578,150.94000244140625,146.22000122070312,148.97000122070312,87074500,TSLA,168.06399993896486,178.66280029296874,-0.0192088959161848,0.027828225802857928
2024-04-22,142.0500030517578,144.44000244140625,138.8000030517578,140.55999755859375,107097600,TSLA,166.625,177.71260040283204,-0.03400203941675628,0.028439260528998696
2024-04-23,144.67999267578125,147.25999450683594,141.11000061035156,143.3300018310547,124545100,TSLA,165.22749938964844,176.73480010986327,0.018514534090260826,0.02877861138109171
2024-04-24,162.1300048828125,167.97000122070312,157.50999450683594,162.83999633789062,181178000,TSLA,164.45049972534179,176.2148001098633,0.12061109407252757,0.040097249882506264
2024-04-25,170.17999267578125,170.8800048828125,158.36000061035156,158.9600067138672,126427500,TSLA,163.96799926757814,175.93799987792968,0.04965143743002587,0.04172723666482778
2024-04-26,168.2899932861328,172.1199951171875,166.3699951171875,168.85000610351562,109815700,TSLA,163.59299926757814,175.529599609375,-0.011105884774887609,0.04151004847860145
2024-04-29,194.0500030517578,198.8699951171875,184.5399932861328,188.4199981689453,243869700,TSLA,164.53449935913085,175.40159973144532,0.1530691710339953,0.053982975054461264
2024-04-30,183.27999877929688,190.9499969482422,182.83999633789065,186.97999572753903,127031800,TSLA,165.36699905395508,175.0681997680664,-0.05550118063944742,0.0543513516423179
2024-05-01,179.99000549316406,185.8600006103516,179.00999450683594,182.0,92829700,TSLA,165.94749908447267,174.79279998779296,-0.017950640048260635,0.0546020858094762
2024-05-02,180.00999450683594,184.6000061035156,176.02000427246094,182.8600006103516,89148000,TSLA,166.3924987792969,174.49759979248046,0.0001110562423569661,0.0545418453166906
2024-05-03,181.19000244140625,184.77999877929688,178.4199981689453,182.1000061035156,75491500,TSLA,167.20699920654297,174.1731997680664,0.006555235656792835,0.05371608010018349
2024-05-06,184.75999450683597,187.55999755859372,182.1999969482422,183.8000030517578,84390300,TSLA,167.7959991455078,174.02899963378906,0.01970303006416807,0.0528753167990387
2024-05-07,177.80999755859375,183.25999450683597,177.39999389648438,182.3999938964844,75045900,TSLA,167.84249877929688,173.59719970703125,-0.03761635178001199,0.05350569677393709
2024-05-08,174.72000122070312,176.05999755859375,170.14999389648438,171.58999633789062,79969500,TSLA,167.99049911499023,173.09699981689454,-0.017378079862311324,0.05322044142509302
2024-05-09,171.97000122070312,175.6199951171875,171.3699951171875,175.00999450683594,65950300,TSLA,167.8589988708496,172.49559997558595,-0.01573946875450305,0.05324992229047199
2024-05-10,168.47000122070312,173.05999755859375,167.75,173.0500030517578,72627200,TSLA,167.72999877929686,171.82739990234376,-0.02035238689978358,0.053250338332734355
2024-05-13,171.88999938964844,175.39999389648438,169.0,170.0,67018900,TSLA,168.25049896240233,171.21239990234375,0.020300339194899042,0.05170218160610632
2024-05-14,177.5500030517578,179.49000549316406,174.07000732421875,174.5,86407400,TSLA,169.27249908447266,171.00059997558594,0.03292805679333921,0.05152521004852368
2024-05-15,173.99000549316406,180.0,173.11000061035156,179.89999389648438,79663000,TSLA,170.19949951171876,170.86559997558595,-0.02005067585133169,0.051741745914404884
2024-05-16,174.83999633789062,175.7899932861328,171.42999267578125,174.10000610351562,59812200,TSLA,171.44499969482422,170.8316000366211,0.004885285464054867,0.050780620967529486
2024-05-17,177.4600067138672,179.6300048828125,172.75,173.5500030517578,77445800,TSLA,172.9654998779297,170.80780029296875,0.014985188920464187,0.050359333216083976
2024-05-20,174.9499969482422,177.75,173.52000427246094,177.55999755859375,61727400,TSLA,174.6104995727539,170.8000003051758,-0.014144086952910362,0.04962446156703704
2024-05-21,186.6000061035156,186.8800048828125,174.7100067138672,175.50999450683594,115266500,TSLA,176.7065002441406,170.97660034179688,0.0665905079079252,0.05112021821523972
2024-05-22,180.11000061035156,183.8000030517578,178.1199951171875,182.8500061035156,88313500,TSLA,177.6055000305176,171.02800048828124,-0.03478030697149992,0.04556750866534659
2024-05-23,173.74000549316406,181.8999938964844,173.25999450683594,181.8000030517578,71975500,TSLA,177.78350067138672,171.11320068359376,-0.03536724832380789,0.04526606800345665
2024-05-24,179.24000549316406,180.0800018310547,173.72999572753906,174.83999633789062,65584500,TSLA,178.33100128173828,171.44800079345703,0.03165649721483632,0.045625076654674544
2024-05-28,176.75,178.25,173.16000366210938,176.39999389648438,59736600,TSLA,177.46600112915038,171.71160064697267,-0.01389201861667555,0.029278874959561302
2024-05-29,176.19000244140625,178.14999389648438,173.92999267578125,174.19000244140625,54782600,TSLA,177.11150131225585,171.75940063476563,-0.0031683030189180172,0.026681007928727598
2024-05-30,178.7899932861328,182.6699981689453,175.3800048828125,178.5800018310547,77618400,TSLA,177.0515007019043,171.90880035400392,0.014756744473008343,0.02663073781118512
2024-05-31,178.0800018310547,180.32000732421875,173.82000732421875,178.5,67314600,TSLA,176.95500106811522,171.9572003173828,-0.003971091681523098,0.026645474422196915
2024-06-03,176.2899932861328,182.63999938964844,174.49000549316406,178.1300048828125,68568900,TSLA,176.71000061035156,172.0266000366211,-0.0100517100545634,0.026682453979256827
2024-06-04,174.77000427246094,177.75999450683594,174.0,174.77999877929688,60056300,TSLA,176.21050109863282,172.10540008544922,-0.008622094682395387,0.026272337782739387
2024-06-05,175.0,176.14999389648438,172.1300048828125,175.35000610351562,57953800,TSLA,176.07000122070312,172.15279998779297,0.0013159908560766986,0.02493815975331643
2024-06-06,177.94000244140625,179.72999572753906,172.72999572753906,174.60000610351562,69887000,TSLA,176.2310012817383,172.1582000732422,0.01680001395089281,0.024892057612302572
2024-06-07,177.47999572753906,179.35000610351562,175.5800018310547,176.1300048828125,56244900,TSLA,176.5065010070801,172.11119995117187,-0.0025851787543875737,0.02459279108666413
2024-06-10,173.7899932861328,178.57000732421875,173.1699981689453,176.05999755859375,50774600,TSLA,176.77250061035156,172.07119995117188,-0.020791089307163446,0.024613833998383697
2024-06-11,170.66000366210938,174.75,167.41000366210938,173.9199981689453,64761900,TSLA,176.71100082397462,171.98,-0.018010183238054034,0.02459227163597614
2024-06-12,177.2899932861328,180.5500030517578,169.8000030517578,171.1199951171875,90389400,TSLA,176.69800033569337,172.1931997680664,0.03884911216309472,0.025042025479756858
2024-06-13,182.47000122070312,191.0800018310547,181.22999572753903,188.38999938964844,118984100,TSLA,177.12200012207032,172.47499969482422,0.029217711832219218,0.025364220217316175
2024-06-14,178.00999450683594,186.0,176.9199981689453,185.8000030517578,82038200,TSLA,177.28050003051757,172.6129995727539,-0.024442410719736185,0.026068232466287446
2024-06-17,187.44000244140625,188.80999755859372,177.0,177.9199981689453,109786100,TSLA,177.77949981689454,173.06379974365234,0.052974598199923895,0.028403674108365706
2024-06-18,184.8600006103516,187.1999969482422,182.3699951171875,186.55999755859372,68982300,TSLA,178.275,173.30139984130858,-0.013764414198944364,0.02839165494686012
2024-06-20,181.57000732421875,185.2100067138672,179.66000366210938,184.67999267578125,55893100,TSLA,178.02350006103515,173.39519989013672,-0.017797215597047944,0.024463995851482633
2024-06-21,183.00999450683597,183.9499969482422,180.69000244140625,182.3000030517578,61937300,TSLA,178.1684997558594,173.62019989013672,0.007930754665036233,0.023199178870462293
2024-06-24,182.5800018310547,188.8000030517578,182.5500030517578,184.97000122070312,61992100,TSLA,178.6104995727539,173.7797998046875,-0.0023495584322593688,0.021590131434352233
2024-06-25,187.3500061035156,187.97000122070312,182.00999450683597,184.3999938964844,62905700,TSLA,179.0159996032715,174.10579986572264,0.026125557150967094,0.021232201490714715
2024-06-26,196.3699951171875,197.75999450683597,186.3600006103516,186.5399932861328,95737100,TSLA,179.99699935913085,174.80359985351564,0.0481451226037759,0.023166240144186386
2024-06-27,197.4199981689453,198.72000122070312,194.0500030517578,195.1699981689453,72746500,TSLA,181.05849914550782,175.6097998046875,0.0053470646120412635,0.023076073775173737
2024-06-28,197.8800048828125,203.1999969482422,195.25999450683597,199.5500030517578,95438100,TSLA,182.01299972534179,176.4583999633789,0.002330091774560339,0.02299372789064228
2024-07-01,209.8600006103516,213.22999572753903,200.8500061035156,201.0200042724609,135691400,TSLA,183.60199966430665,177.65700012207031,0.06054171938510833,0.02595433029581224
2024-07-02,231.25999450683597,231.3000030517578,218.05999755859372,218.88999938964844,205047900,TSLA,186.3504997253418,179.3411999511719,0.10197271435359356,0.032888478575333585
2024-07-03,246.38999938964844,248.3500061035156,234.25,234.55999755859372,166561500,TSLA,189.93149948120117,181.4279998779297,0.06542422054051045,0.03432532336014933
2024-07-05,251.5200042724609,252.3699951171875,242.4600067138672,249.80999755859372,154501200,TSLA,193.75749969482422,183.56480010986328,0.02082067005771493,0.03410687600540031
2024-07-08,252.94000244140625,259.44000244140625,244.57000732421875,247.7100067138672,157219600,TSLA,197.50749969482422,185.38100006103517,0.005645666924397386,0.03423290278582638
2024-07-09,262.3299865722656,265.6099853515625,250.3000030517578,251.0,160210900,TSLA,201.74999923706054,187.22399993896485,0.03712336538398886,0.03411040826323744
2024-07-10,263.260009765625,267.5899963378906,257.8599853515625,262.79998779296875,128519400,TSLA,206.22350006103517,189.1234002685547,0.003545241645880992,0.03298423060935237
2024-07-11,241.02999877929688,271.0,239.6499938964844,263.29998779296875,221707300,TSLA,209.74199981689452,190.06300018310546,-0.08444127539962887,0.039809160263464545
2024-07-12,248.22999572753903,251.83999633789065,233.08999633789065,235.8000030517578,155955800,TSLA,213.28899993896485,191.3620001220703,0.029871787680814554,0.0396137346156056
2024-07-15,252.63999938964844,265.6000061035156,251.72999572753903,255.97000122070312,146912900,TSLA,216.7974998474121,192.815,0.01776579679334911,0.03952131624622834
2024-07-16,256.5599975585937,258.6199951171875,245.8000030517578,255.30999755859372,126332500,TSLA,220.725,194.34600006103517,0.015516142251486453,0.03829977458891894
2024-07-17,248.5,258.4700012207031,246.17999267578125,252.72999572753903,115584800,TSLA,223.7779998779297,195.69220001220702,-0.03141564404151875,0.03901752791883532
2024-07-18,249.22999572753903,257.1400146484375,247.1999969482422,251.08999633789065,110869000,TSLA,226.99649963378906,196.9816000366211,0.002937608561525362,0.038547250768540015
2024-07-19,239.1999969482422,249.44000244140625,236.8300018310547,247.7899932861328,87403900,TSLA,229.87799911499025,198.20940002441407,-0.0402439471622098,0.03987924097784869
2024-07-22,251.50999450683597,253.2100067138672,243.75,244.2100067138672,101225400,TSLA,233.30299911499023,199.74519989013672,0.05146320115237035,0.04067444854402678
2024-07-23,246.3800048828125,255.75999450683597,245.6300048828125,253.6000061035156,111928200,TSLA,236.4929992675781,201.2333999633789,-0.020396762498772314,0.0413169008183886
2024-07-24,215.9900054931641,225.9900054931641,214.7100067138672,225.4199981689453,167942900,TSLA,237.92499923706055,202.18380004882812,-0.12334604589403686,0.051607640106930655
2024-07-25,220.25,226.0,216.22999572753903,216.8000030517578,100636500,TSLA,239.11899948120117,203.15100006103515,0.01972310939623889,0.05084211567412448
2024-07-26,219.8000030517578,222.27999877929688,215.3300018310547,221.19000244140625,94604100,TSLA,240.2379997253418,203.99600006103515,-0.0020431189477511102,0.050881671489634316
2024-07-29,232.1000061035156,234.2700042724609,224.6999969482422,224.8999938964844,129201800,TSLA,241.94899978637696,205.1582000732422,0.055959976710561854,0.052042518657104804
2024-07-30,222.6199951171875,232.41000366210935,220.0,232.25,100560300,TSLA,242.58699951171874,206.11380004882812,-0.04084450985365362,0.05172760334499131
2024-07-31,232.07000732421875,234.67999267578125,226.7899932861328,227.8999938964844,67497000,TSLA,242.62750015258788,207.20600006103516,0.04244907202543402,0.04733512570132396
2024-08-01,216.8600006103516,231.8699951171875,214.3300018310547,227.69000244140625,83861900,TSLA,241.15100021362304,208.04420013427733,-0.06554059651757438,0.04705174714486611
2024-08-02,207.6699981689453,216.1300048828125,205.77999877929688,214.8800048828125,82880100,TSLA,238.95849990844727,208.46559997558595,-0.04237758192170549,0.047328472710076265
2024-08-05,198.8800048828125,203.8800048828125,182.0,185.22000122070312,100308800,TSLA,236.25550003051757,208.84100006103515,-0.04232673647438423,0.04779080856918005
2024-08-06,200.63999938964844,202.8999938964844,192.6699981689453,200.75,73783900,TSLA,233.1710006713867,209.37899993896485,0.008849529684359148,0.04670342898333169
2024-08-07,191.75999450683597,203.4900054931641,191.47999572753903,200.7700042724609,71159800,TSLA,229.59599990844725,209.62939971923828,-0.044258397676563255,0.04707456955872278
2024-08-08,198.83999633789065,200.6999969482422,192.0399932861328,195.6999969482422,65033900,TSLA,227.48649978637695,210.0711996459961,0.036921162045623124,0.04539472904060706
2024-08-09,200.0,200.8800048828125,195.1100006103516,197.0500030517578,58648300,TSLA,225.075,210.54739959716798,0.005833854775063152,0.04463531166534836
2024-08-12,197.4900054931641,199.25999450683597,194.6699981689453,199.0200042724609,64044900,TSLA,222.31750030517577,210.92139984130858,-0.012549972534179554,0.04416330038219775
2024-08-13,207.8300018310547,208.4900054931641,197.05999755859372,198.47000122070312,76247400,TSLA,219.88100051879883,211.51639984130858,0.052357061371637315,0.04606725911843965
2024-08-14,201.3800048828125,208.44000244140625,198.75,207.38999938964844,70250000,TSLA,217.52500076293944,212.01820007324218,-0.0310349655555765,0.046057780134172915
2024-08-15,214.13999938964844,215.8800048828125,204.82000732421875,205.0200042724609,89848500,TSLA,215.77050094604493,212.80559997558595,0.06336276788880446,0.048810878411404066
2024-08-16,216.1199951171875,219.8000030517578,210.8000030517578,211.1499938964844,88765100,TSLA,214.6165008544922,213.62799987792968,0.009246267550119258,0.04825626566824239
2024-08-19,222.72000122070312,222.97999572753903,214.08999633789065,217.07000732421875,76435200,TSLA,213.17700119018554,214.52359985351563,0.030538618603692225,0.04720758323311763
2024-08-20,221.1000061035156,228.22000122070312,219.55999755859372,224.8800048828125,74001200,TSLA,211.9130012512207,215.39600006103515,-0.007273684933138069,0.04707294171005351
2024-08-21,223.2700042724609,224.66000366210935,218.8600006103516,222.6699981689453,70146000,TSLA,212.27700119018556,216.3856002807617,0.009814554993405888,0.03786872320092051
2024-08-22,210.66000366210935,224.8000030517578,210.32000732421875,223.82000732421875,79514500,TSLA,211.79750137329103,217.18560028076172,-0.056478704568676985,0.03981136063919437
2024-08-23,220.32000732421875,221.47999572753903,214.2100067138672,214.4600067138672,81525200,TSLA,211.82350158691406,218.04620056152345,0.0458558981020607,0.041191860871754395
2024-08-26,213.2100067138672,219.08999633789065,211.00999450683597,218.75,59301200,TSLA,210.87900161743164,218.66100067138672,-0.0322712435275504,0.03968464838760278
2024-08-27,209.2100067138672,215.66000366210935,206.94000244140625,213.25,62821400,TSLA,210.20850219726563,219.28500091552735,-0.018760845523390857,0.03888975651157389
2024-08-28,205.75,211.83999633789065,202.58999633789065,209.72000122070312,64116400,TSLA,208.8925018310547,219.6512008666992,-0.01653843794670573,0.03752362779482171
2024-08-29,206.27999877929688,214.88999938964844,205.97000122070312,209.8000030517578,62308800,TSLA,208.36350173950194,220.07960083007814,0.002575935743848623,0.03476071530717177
2024-08-30,214.1100006103516,214.57000732421875,207.02999877929688,208.6300048828125,63370600,TSLA,208.68550186157228,220.73040069580077,0.03795812428442069,0.03448074980770357
2024-09-03,210.6000061035156,219.8999938964844,209.63999938964844,215.25999450683597,76714200,TSLA,209.27150192260743,221.28220092773438,-0.01639341692041585,0.03318578445010571
2024-09-04,219.41000366210935,222.22000122070312,210.57000732421875,210.58999633789065,80651800,TSLA,210.21000213623046,222.01880096435548,0.04183284569452206,0.034273230185700714
2024-09-05,230.1699981689453,235.0,222.25,223.4900054931641,119355000,TSLA,212.13050231933593,222.87520080566406,0.04904058305110981,0.03355239421420339
2024-09-06,210.72999572753903,233.6000061035156,210.50999450683597,232.6000061035156,112177000,TSLA,212.72500228881836,223.1624008178711,-0.08445932396079381,0.03891844871384139
2024-09-09,216.2700042724609,219.8699951171875,213.6699981689453,216.1999969482422,67443500,TSLA,213.53850250244142,223.5394009399414,0.026289605928169646,0.03924674431764216
2024-09-10,226.1699981689453,226.3999938964844,218.63999938964844,220.07000732421875,78891100,TSLA,214.97250213623047,224.10520080566405,0.04577608406578748,0.04005956080686371
2024-09-11,228.1300048828125,228.47000122070312,216.8000030517578,224.5500030517578,83548600,TSLA,215.98750228881835,224.4706008911133,0.008666077418469476,0.03865545516452623
2024-09-12,229.80999755859372,231.4499969482422,223.8300018310547,224.66000366210935,71894900,TSLA,217.40900192260742,224.44160095214843,0.007364189890953776,0.03769282992756533
2024-09-13,230.2899932861328,232.6699981689453,226.32000732421875,228.0,59515100,TSLA,218.21650161743165,224.11960083007813,0.0020886633855723424,0.03531179271224777
2024-09-16,226.77999877929688,229.9600067138672,223.52999877929688,229.3000030517578,54323000,TSLA,218.7495018005371,223.62480072021484,-0.015241628421408637,0.03555292235162942
2024-09-17,227.8699951171875,234.57000732421875,226.5500030517578,229.4499969482422,66761600,TSLA,219.00700149536132,223.12340057373046,0.004806404196833203,0.03496536899747239
2024-09-18,227.1999969482422,235.67999267578125,226.8800048828125,230.08999633789065,78010200,TSLA,219.31200103759767,222.42080078125,-0.0029402649901351108,0.034920019340603355
2024-09-19,243.9199981689453,244.2400054931641,232.1300048828125,234.0,102694600,TSLA,220.34450073242186,222.0340005493164,0.07359155565707187,0.038413353124627035
2024-09-20,238.25,243.9900054931641,235.9199981689453,241.5200042724609,99879100,TSLA,221.7240005493164,221.97840057373048,-0.02324531900421767,0.03626647930546581
2024-09-23,250.0,250.0,241.9199981689453,242.6100006103516,86927200,TSLA,223.20800018310547,222.01380065917968,0.04931794333683115,0.036470397156724316
2024-09-24,254.2700042724609,257.19000244140625,249.0500030517578,254.0800018310547,88491000,TSLA,225.26100006103516,222.04640075683594,0.017080017089843746,0.03532703116141553
2024-09-25,257.0199890136719,257.04998779296875,252.27999877929688,252.5399932861328,65034300,TSLA,227.6514991760254,222.0556005859375,0.010815214909361659,0.03469781112240026
2024-09-26,254.22000122070312,261.75,251.52999877929688,260.6000061035156,67142200,TSLA,230.07499923706055,222.17000061035156,-0.01089404681602335,0.03448502821806541
2024-09-27,260.4599914550781,260.70001220703125,254.1199951171875,257.3800048828125,70988100,TSLA,232.78399887084962,222.39460052490233,0.024545630573566513,0.03454566771529767
2024-09-30,261.6300048828125,264.8599853515625,255.7700042724609,259.0400085449219,80705700,TSLA,235.15999908447264,222.84320068359375,0.004492104223754234,0.03404430675043319
2024-10-01,258.0199890136719,263.9800109863281,248.52999877929688,262.6700134277344,87397600,TSLA,237.53099822998047,222.97340057373046,-0.013798172234708361,0.03394068572427026
2024-10-02,249.0200042724609,251.16000366210935,241.5,247.5500030517578,93983900,TSLA,239.01149826049806,223.02620056152344,-0.03488095932262858,0.0345727354962901
2024-10-03,240.66000366210935,249.7899932861328,237.80999755859372,244.47999572753903,80729200,TSLA,239.53599853515624,223.51960052490233,-0.03357160254966751,0.03420873470857447
2024-10-04,250.0800018310547,250.9600067138672,244.5800018310547,246.69000244140625,86573200,TSLA,241.50349884033204,224.11620056152344,0.03914235030998836,0.028265346423984674
2024-10-07,240.8300018310547,249.8300018310547,240.6999969482422,249.0,68113300,TSLA,242.73149871826172,224.53680053710937,-0.03698816351676526,0.029728305621140136
2024-10-08,244.5,246.2100067138672,240.55999755859372,243.55999755859372,56303200,TSLA,243.64799880981445,224.78480041503906,0.015238957526229946,0.02831815186009724
2024-10-09,241.0500030517578,247.42999267578125,239.50999450683597,243.82000732421875,66289500,TSLA,244.29399871826172,225.15340057373047,-0.014110416966225725,0.02858914307424037
2024-10-10,238.7700042724609,242.7899932861328,232.33999633789065,241.80999755859372,83087100,TSLA,244.74199905395508,225.2874005126953,-0.009458613360014523,0.028705578801452573
2024-10-11,217.8000030517578,223.33999633789065,214.3800048828125,220.1300048828125,142628900,TSLA,244.11749954223632,225.30620056152344,-0.08782510719719294,0.03507463304739595
2024-10-14,219.16000366210935,221.91000366210935,213.7400054931641,220.1300048828125,86291900,TSLA,243.73649978637695,225.53600067138672,0.006244263504570968,0.034982961325623396
2024-10-15,219.57000732421875,224.25999450683597,217.1199951171875,220.00999450683597,62988800,TSLA,243.3215003967285,225.94980072021485,0.0018707960177877236,0.03496293116865979
2024-10-16,221.3300018310547,222.82000732421875,218.92999267578125,221.3999938964844,49632800,TSLA,243.02800064086915,226.36360076904296,0.008015641700267029,0.03502114222770647
2024-10-17,220.88999938964844,222.0800018310547,217.8999938964844,221.58999633789065,50791800,TSLA,241.8765007019043,226.94620086669923,-0.001987992760882462,0.030346056073803848
2024-10-18,220.6999969482422,222.27999877929688,219.22999572753903,220.7100067138672,49611900,TSLA,240.9990005493164,227.38340087890626,-0.0008601676940163117,0.030029441918550337
2024-10-21,218.8500061035156,220.47999572753903,215.72999572753903,218.8999938964844,47329000,TSLA,239.44150085449218,227.76040100097657,-0.008382378207102748,0.0273524687156039
2024-10-22,217.97000122070312,218.22000122070312,215.25999450683597,217.30999755859372,43268700,TSLA,237.6265007019043,228.17000091552734,-0.004021041161845984,0.02680607694799657
2024-10-23,213.6499938964844,218.72000122070312,212.1100006103516,217.1300048828125,80938900,TSLA,235.45800094604493,228.28640075683595,-0.019819274670942244,0.026589600001828875
2024-10-24,260.4800109863281,262.1199951171875,242.6499938964844,244.67999267578125,204491900,TSLA,235.77100143432617,229.46840087890624,0.21919035070290405,0.05748478997718444
2024-10-25,269.19000244140625,269.489990234375,255.32000732421875,256.010009765625,161611900,TSLA,236.20750198364257,230.5694009399414,0.03343823359841336,0.05769704501717847
2024-10-28,262.510009765625,273.5400085449219,262.239990234375,270.0,107653600,TSLA,236.2515022277832,231.49720123291016,-0.024815158866218545,0.05803093312282032
2024-10-29,259.5199890136719,264.9800109863281,255.50999450683597,264.510009765625,80521800,TSLA,236.3265022277832,232.23320098876954,-0.01139012091242797,0.057999725366591454
2024-10-30,257.54998779296875,263.3500061035156,255.82000732421875,258.0400085449219,53993600,TSLA,236.75300140380858,232.96220062255858,-0.007590942139718337,0.057410572430272436
2024-10-31,249.8500061035156,259.75,249.25,257.989990234375,66575300,TSLA,237.2125015258789,233.4938006591797,-0.029897037679701866,0.057292742355373
2024-11-01,248.97999572753903,254.0,246.6300048828125,252.0399932861328,57544800,TSLA,237.15750122070312,234.26020050048828,-0.003482130697311736,0.05667876437588907
2024-11-04,242.83999633789065,248.8999938964844,238.8800048828125,244.55999755859372,68802400,TSLA,237.25800094604492,234.71060028076172,-0.024660613282231014,0.056307790600134223
2024-11-05,251.44000244140625,255.27999877929688,246.2100067138672,247.33999633789065,69282500,TSLA,237.60500106811523,235.4752001953125,0.03541429020427689,0.05674056930708376
2024-11-06,288.5299987792969,289.5899963378906,275.6199951171875,284.6700134277344,165228700,TSLA,239.9790008544922,237.0616000366211,0.14751032444224466,0.06509970646931634
2024-11-07,296.9100036621094,299.75,285.5199890136719,288.8900146484375,117309200,TSLA,242.8860008239746,238.88480010986328,0.02904379065700735,0.0650360292635487
2024-11-08,321.2200012207031,328.7099914550781,297.6600036621094,299.1400146484375,204782800,TSLA,248.05700073242187,241.1836001586914,0.08187665372925301,0.06222638084655825
2024-11-11,350.0,358.6400146484375,336.0,346.29998779296875,210521600,TSLA,254.5990005493164,243.90140014648438,0.08959591143118995,0.06393381855611376
2024-11-12,328.489990234375,345.8399963378906,323.3099975585937,342.739990234375,155726000,TSLA,260.04499969482424,246.25919982910156,-0.06145717075892854,0.06667272661309791
2024-11-13,330.239990234375,344.6000061035156,322.5,335.8500061035156,125405600,TSLA,265.49049911499026,248.47579956054688,0.005327407385385952,0.06670571139740329
2024-11-14,311.17999267578125,329.9800109863281,310.3699951171875,327.69000244140625,120726100,TSLA,270.0049987792969,250.0959994506836,-0.05771559508909463,0.06889510048979504
2024-11-15,320.7200012207031,324.67999267578125,309.2200012207031,310.57000732421875,114440300,TSLA,275.0059989929199,252.29579956054687,0.030657525449785616,0.06876846784688517
2024-11-18,338.739990234375,348.54998779296875,330.010009765625,340.7300109863281,126085600,TSLA,281.00049819946287,254.74519927978517,0.056186046847983784,0.06883497445107606
2024-11-19,346.0,347.3800048828125,332.75,335.760009765625,88852500,TSLA,287.40199813842776,257.14179931640626,0.021432396454288627,0.06852091805378509
2024-11-20,342.0299987792969,346.6000061035156,334.29998779296875,345.0,66340700,TSLA,293.82099838256835,259.41979919433595,-0.011473991967350106,0.0682556838660743
2024-11-21,339.6400146484375,347.989990234375,335.2799987792969,343.8099975585937,58011700,TSLA,297.7789985656738,261.6163995361328,-0.006987644766217049,0.051125349494872505
2024-11-22,352.5599975585937,361.5299987792969,337.70001220703125,341.0899963378906,89140700,TSLA,301.9474983215332,264.06179962158205,0.038040225983177356,0.05122508980628492
2024-11-25,338.5899963378906,361.9299926757813,338.20001220703125,360.1400146484375,95890900,TSLA,305.75149765014646,266.2979995727539,-0.03962446482142756,0.05192976586688027
2024-11-26,338.2300109863281,346.9599914550781,335.6600036621094,341.0,62295900,TSLA,309.6869987487793,268.50519989013674,-0.001063189566898104,0.05171449408319686
2024-11-27,332.8900146484375,342.54998779296875,326.5899963378906,341.79998779296875,57896400,TSLA,313.45400009155276,270.61900024414064,-0.015788061864523528,0.051931287668337295
2024-11-29,345.1600036621094,345.45001220703125,334.6499938964844,336.0799865722656,37167600,TSLA,318.2194999694824,272.64380035400393,0.03685898787510977,0.05108995600983898
2024-12-02,357.0899963378906,360.0,351.1499938964844,352.3800048828125,77986500,TSLA,323.625,275.0206002807617,0.034563659025395044,0.05097636697366742
2024-12-03,351.4200134277344,355.69000244140625,348.20001220703125,351.79998779296875,58267200,TSLA,329.0540008544922,277.0490005493164,-0.01587830229999254,0.05061350233458507
2024-12-04,357.92999267578125,358.1000061035156,348.6000061035156,353.0,50810900,TSLA,334.3785003662109,279.1222003173828,0.018524782309774723,0.050480449225157306
2024-12-05,369.489990234375,375.4299926757813,359.5,359.8699951171875,81403600,TSLA,338.42649993896487,281.37160034179686,0.03229681165351517,0.040659796700028415
2024-12-06,389.2200012207031,389.489990234375,370.7999877929688,377.4200134277344,81455800,TSLA,343.04199981689453,284.07160034179685,0.053397958017247005,0.041514324444232
2024-12-09,389.7900085449219,404.7999877929688,378.010009765625,397.6099853515625,96359200,TSLA,346.47050018310546,286.65820068359375,0.0014644862094215227,0.03841768899477078
2024-12-10,400.989990234375,409.7300109863281,390.8500061035156,392.6799926757813,97563600,TSLA,349.0199996948242,289.445400390625,0.02873337295448497,0.03396867209805107
2024-12-11,424.7699890136719,424.8800048828125,402.3800048828125,409.7000122070313,104287600,TSLA,353.83399963378906,292.780400390625,0.05930322291934931,0.03174994360687033
2024-12-12,418.1000061035156,429.2999877929688,415.0,424.8399963378906,87752200,TSLA,358.2270004272461,296.1620004272461,-0.015702575706076027,0.03237391510774827
2024-12-13,436.2300109863281,436.2999877929688,415.7099914550781,420.0,89000200,TSLA,364.47950134277346,300.07340057373045,0.04336284290396253,0.0285185282856598
2024-12-16,463.0199890136719,463.1900024414063,436.1499938964844,441.0899963378906,114083800,TSLA,371.59450073242186,304.3322003173828,0.06141250567967771,0.030057780033127774
2024-12-17,479.8599853515625,483.989990234375,457.510009765625,475.8999938964844,131223000,TSLA,378.65050048828124,309.112799987793,0.036369912179738284,0.029076438205214994
2024-12-18,440.1300048828125,488.5400085449219,427.010009765625,466.5,149340800,TSLA,383.35700073242185,313.02540008544923,-0.0827949436951747,0.03674959907874509
2024-12-19,436.1700134277344,456.3599853515625,420.0199890136719,451.8800048828125,118566100,TSLA,388.0640014648437,316.92780029296875,-0.008997322180141931,0.03666775529934161
2024-12-20,421.05999755859375,447.0799865722656,417.6400146484375,425.510009765625,132216200,TSLA,392.13500061035154,320.5736001586914,-0.034642491239586515,0.03795502025458863
2024-12-23,430.6000061035156,434.510009765625,415.4100036621094,431.0,72698100,TSLA,396.03700103759763,324.82960021972656,0.022657123925894362,0.03754232938087829
2024-12-24,462.2799987792969,462.7799987792969,435.1400146484375,435.8999938964844,59551800,TSLA,402.221501159668,329.69200012207034,0.07357174228224572,0.038081350525506825
2024-12-26,454.1300048828125,465.3299865722656,451.0199890136719,465.1600036621094,76366400,TSLA,408.01650085449216,334.38320007324216,-0.017629994630971146,0.03865663388149115
2024-12-27,431.6600036621094,450.0,426.5,449.5199890136719,82666800,TSLA,412.95500030517576,338.5898001098633,-0.04947922616674816,0.04077061956512037
2024-12-30,417.4100036621094,427.0,415.75,419.3999938964844,64941000,TSLA,416.56750030517577,342.5202001953125,-0.03301209257078741,0.04168043311034363
2024-12-31,403.8399963378906,427.9299926757813,402.5400085449219,423.7900085449219,76825100,TSLA,418.9050003051758,346.1830001831055,-0.03251001941775111,0.04232527262124811
2025-01-02,379.2799987792969,392.7300109863281,373.0400085449219,390.1000061035156,109710700,TSLA,420.2979995727539,349.39160003662107,-0.06081615932376483,0.04472948034853823
2025-01-03,410.4400024414063,411.8800048828125,379.4500122070313,381.4800109863281,95423300,TSLA,422.92350006103516,353.24100006103515,0.08215567328200035,0.04790890818063599
2025-01-06,411.0499877929688,426.4299926757813,401.7000122070313,423.2000122070313,85516500,TSLA,425.00149993896486,357.18899993896486,0.0014861742226248698,0.047579290669916015
2025-01-07,394.3599853515625,414.3299865722656,390.0,405.8299865722656,75699500,TSLA,425.2584991455078,359.86659942626954,-0.040603340073111616,0.04733630333555036
2025-01-08,394.9400024414063,402.5,387.3999938964844,392.9500122070313,73038800,TSLA,425.51599884033203,362.38159942626953,0.0014707807875760093,0.047336301593089616
2025-01-10,394.739990234375,399.2799987792969,377.2900085449219,391.3999938964844,62287300,TSLA,425.20349884033203,365.02619903564454,-0.0005064369418009695,0.046907568902297705
2025-01-13,403.30999755859375,403.7900085449219,380.0700073242188,383.2099914550781,67580500,TSLA,424.1304992675781,367.901999206543,0.021710512074366584,0.04513666310986806
2025-01-14,396.3599853515625,422.6400146484375,394.5400085449219,414.3399963378906,84565000,TSLA,423.04349822998046,370.67819915771486,-0.017232432245921525,0.045163064767949845
2025-01-15,428.2200012207031,429.7999877929688,405.6600036621094,409.8999938964844,81375500,TSLA,422.6429977416992,374.24559906005857,0.08038151439752794,0.04778936388862556
2025-01-16,413.8200073242188,424.0,409.1300048828125,423.489990234375,68335200,TSLA,420.18299865722656,377.5423992919922,-0.03362756026209668,0.046071317720897204
2025-01-17,426.5,439.739990234375,419.75,421.5,94991400,TSLA,417.51499938964844,381.21559936523437,0.030641323404759113,0.04582030606872613
2025-01-21,424.0700073242188,433.2000122070313,406.30999755859375,432.6400146484375,87320900,TSLA,416.7119995117188,384.66819946289064,-0.0056975209279747085,0.04200539047157405
2025-01-22,415.1099853515625,428.0,414.5899963378906,416.80999755859375,60963300,TSLA,415.6589981079102,387.1997991943359,-0.02112863871036752,0.042213508444556215
2025-01-23,412.3800048828125,420.7300109863281,408.9500122070313,416.05999755859375,50690600,TSLA,415.2249984741211,389.50919921875,-0.006576523247056931,0.041519479625037874
2025-01-24,406.5799865722656,418.8800048828125,405.7799987792969,414.4500122070313,56427100,TSLA,414.0239974975586,391.2163989257813,-0.014064741844588391,0.041264932616203974
2025-01-27,397.1499938964844,406.6900024414063,389.0,394.7999877929688,58125500,TSLA,410.76749725341796,392.1593988037109,-0.023193450212053546,0.037422764297097885
2025-01-28,398.0899963378906,400.5899963378906,386.5,396.9100036621094,48910700,TSLA,407.9654968261719,393.55139892578126,0.0023668700890153715,0.03738844113221527
2025-01-29,389.1000061035156,398.5899963378906,384.4800109863281,395.2099914550781,68033600,TSLA,405.8374969482422,394.72859924316407,-0.02258280870425211,0.036203841189575856
2025-01-30,400.2799987792969,412.5,384.4100036621094,410.7799987792969,98092900,TSLA,404.9809967041016,396.5105993652344,0.028732954254456988,0.03628308174949771
2025-01-31,404.6000061035156,419.989990234375,401.3399963378906,401.5299987792969,83283600,TSLA,405.0189971923828,398.1881994628906,0.010792463618949588,0.0356198848144449
2025-02-03,383.6799926757813,389.1700134277344,374.3599853515625,386.6799926757813,93732100,TSLA,405.238996887207,399.0869995117188,-0.05170542044525328,0.034841712058141135
2025-02-04,392.2099914550781,394.0,381.3999938964844,382.6300048828125,57072200,TSLA,404.32749633789064,400.0111993408203,0.02223206563315605,0.029706337502394865
2025-02-05,378.1700134277344,388.3900146484375,375.5299987792969,387.510009765625,57223300,TSLA,402.6834976196289,400.73399963378904,-0.035797094243459227,0.030640743226520696
2025-02-06,374.3200073242188,375.3999938964844,363.1799926757813,373.0299987792969,77918200,TSLA,401.6814987182617,401.4275994873047,-0.010180622383618165,0.029445124218626023
2025-02-07,361.6199951171875,380.5499877929688,360.3399963378906,370.1900024414063,70298300,TSLA,400.01549835205077,401.6087994384766,-0.03392822173149601,0.030265463332259195
2025-02-10,350.7300109863281,362.7000122070313,350.510009765625,356.2099914550781,77514900,TSLA,397.81499938964845,401.85159973144533,-0.030114441341470455,0.030806508425329716
2025-02-11,328.5,349.3699951171875,325.1000061035156,345.79998779296875,118543400,TSLA,394.0744995117187,401.65699951171877,-0.06338211812502892,0.03267738439483829
2025-02-12,336.510009765625,346.3999938964844,329.1199951171875,329.94000244140625,105382700,TSLA,391.0820007324219,401.7293994140625,0.0243835913717656,0.03348766039888615
2025-02-13,355.94000244140625,358.69000244140625,342.8500061035156,345.0,89441500,TSLA,387.468000793457,401.94499938964844,0.05773971683431944,0.030615552067632307
2025-02-14,355.8399963378906,362.0,347.5,360.6199951171875,68277300,TSLA,384.5690002441406,401.9199993896484,-0.0002809633725618932,0.030093241984681673
2025-02-18,354.1099853515625,359.1000061035156,350.0199890136719,355.010009765625,51631700,TSLA,380.9494995117187,401.973798828125,-0.004861766535893763,0.028768541066398888
2025-02-19,360.55999755859375,367.3399963378906,353.6700134277344,354.0,67094400,TSLA,377.7739990234375,402.0263989257812,0.018214714280444966,0.029397019966230193
2025-02-20,354.3999938964844,362.2999877929688,348.0,361.510009765625,45965400,TSLA,374.7384994506836,401.72459899902344,-0.01708454543992588,0.029313339280065756
2025-02-21,337.79998779296875,354.9800109863281,334.4200134277344,353.44000244140625,74058600,TSLA,371.0094985961914,400.6961987304687,-0.046839747148427646,0.030603344489904503
2025-02-24,330.5299987792969,342.3999938964844,324.70001220703125,338.1400146484375,76052300,TSLA,367.20699920654295,399.51099853515626,-0.021521578674915554,0.030707416684525018
2025-02-25,302.79998779296875,328.8900146484375,297.25,327.0199890136719,134228800,TSLA,362.4894989013672,397.5471984863281,-0.0838955952220366,0.03482011305722389
2025-02-26,290.79998779296875,309.0,288.0400085449219,303.7099914550781,100118300,TSLA,357.12499847412107,394.86779846191405,-0.039630120487999076,0.035116952770662714
2025-02-27,281.95001220703125,297.2300109863281,280.8800048828125,291.1600036621094,101748200,TSLA,351.7674987792969,392.14479858398437,-0.030433204805490277,0.03524996340207161
2025-02-28,292.9800109863281,293.8800048828125,273.6000061035156,279.5,115697000,TSLA,346.4024993896484,389.27979858398436,0.03912040539724382,0.036002590080106624
2025-03-03,284.6499938964844,303.94000244140625,277.29998779296875,300.3399963378906,115551400,TSLA,340.4049987792969,385.71239868164065,-0.02843203214376444,0.03559780774236844
2025-03-04,272.0400085449219,284.3500061035156,261.8399963378906,270.92999267578125,126706600,TSLA,334.82299957275393,381.5559991455078,-0.04429996705409467,0.0352526864675067
2025-03-05,279.1000061035156,279.54998779296875,267.7099914550781,272.9200134277344,94042900,TSLA,329.1675003051758,378.33539916992186,0.025952056083059283,0.035476621842460525
2025-03-06,263.45001220703125,272.6499938964844,260.0199890136719,272.0599975585937,98451600,TSLA,323.43150024414064,374.8809991455078,-0.056073068986891905,0.03634332260331828
2025-03-07,262.6700134277344,266.25,250.72999572753903,259.32000732421875,102369600,TSLA,317.84900054931643,371.7131994628906,-0.0029607088371812473,0.03645321553986149
2025-03-10,222.1499938964844,253.3699951171875,220.0,252.5399932861328,189076900,TSLA,310.87550048828126,367.54419921875,-0.1542620682219511,0.047627018632766735
2025-03-11,230.5800018310547,237.05999755859372,217.0200042724609,225.30999755859372,174896400,TSLA,304.8680000305176,362.91019927978516,0.037947369642955975,0.04948235240595512
2025-03-12,248.08999633789065,251.83999633789065,241.1000061035156,247.22000122070312,142215700,TSLA,300.8474998474121,358.7893991088867,0.07593891216839133,0.05268693192146864
2025-03-13,240.67999267578125,248.2899932861328,232.6000061035156,248.1300048828125,114813500,TSLA,296.0559989929199,354.96979888916013,-0.02986820819658209,0.052077623705269034
2025-03-14,249.97999572753903,251.5800018310547,240.72999572753903,247.30999755859372,100242300,TSLA,290.75799865722655,351.62119873046873,0.038640532386444715,0.050828368414465086
2025-03-17,238.00999450683597,245.3999938964844,232.8000030517578,245.05999755859372,111900600,TSLA,284.86649856567385,348.30459869384765,-0.04788383640805216,0.05115563906657941
2025-03-18,225.30999755859372,230.1000061035156,222.27999877929688,228.16000366210935,111477600,TSLA,278.4264991760254,345.2251986694336,-0.05335909096824709,0.051616917473657827
2025-03-19,235.8600006103516,241.41000366210935,229.1999969482422,231.6100006103516,111993800,TSLA,272.1914993286133,341.7335986328125,0.04682438935722,0.05313603862022992
2025-03-20,236.25999450683597,238.0,230.0500030517578,233.3500061035156,99028300,TSLA,266.28449935913085,338.2377987670898,0.0016958954271570903,0.05334846289626867
2025-03-21,248.7100067138672,249.5200042724609,234.5500030517578,234.9900054931641,132728700,TSLA,261.83000030517576,335.3247991943359,0.052696235065183616,0.05519284140567706
2025-03-24,278.3900146484375,278.6400146484375,256.3299865722656,258.0799865722656,169079900,TSLA,259.22300109863284,332.9937994384766,0.11933580126800525,0.06262725449626544
2025-03-25,288.1400146484375,288.20001220703125,271.2799987792969,283.6000061035156,150361500,TSLA,258.49000244140626,330.86179992675784,0.03502280788451673,0.06051677026250294
2025-03-26,272.0599975585937,284.8999938964844,266.510009765625,282.6600036621094,153629800,TSLA,257.5530029296875,328.23679992675784,-0.05580626179068948,0.06116901841932932
2025-03-27,273.1300048828125,291.8500061035156,271.82000732421875,272.4800109863281,162572100,TSLA,257.11200256347655,325.77220031738284,0.003932982922226103,0.060795326997772896
2025-03-28,263.54998779296875,276.1000061035156,260.57000732421875,275.5799865722656,123809400,TSLA,255.6405014038086,322.47880004882813,-0.03507493471452938,0.060559167496265796
2025-03-31,259.1600036621094,260.5599975585937,243.3600006103516,249.30999755859372,134008900,TSLA,254.36600189208986,319.38559997558593,-0.016657121359109794,0.06036095499286812
2025-04-01,268.4599914550781,277.45001220703125,259.25,263.79998779296875,146486900,TSLA,254.18700103759767,316.2247998046875,0.035885119854736525,0.060129846237546844
2025-04-02,282.760009765625,284.989990234375,251.2700042724609,254.6000061035156,212787800,TSLA,254.37000122070313,313.39859985351563,0.05326685079977622,0.06102761257264422
2025-04-03,267.2799987792969,276.29998779296875,261.510009765625,265.2900085449219,136174300,TSLA,254.5615005493164,310.44200012207034,-0.05474611137253549,0.06096131037182567
2025-04-04,239.42999267578125,261.0,236.0,255.3800048828125,181229400,TSLA,253.39949951171874,306.9829998779297,-0.10419786826814681,0.06547690207466693
2025-04-07,233.2899932861328,252.0,214.25,223.77999877929688,183453800,TSLA,253.95649948120118,303.517200012207,-0.025644236634809525,0.05531853779668717
2025-04-08,221.8600006103516,250.44000244140625,217.8000030517578,245.0,171603500,TSLA,253.520499420166,300.0114001464844,-0.048994783337158454,0.05591484044175381
2025-04-09,272.20001220703125,274.69000244140625,223.8800048828125,224.69000244140625,219433400,TSLA,254.72600021362305,297.4936004638672,0.22689989839624514,0.07402562176998005
2025-04-10,252.3999938964844,262.489990234375,239.3300018310547,260.0,181722600,TSLA,255.3120002746582,294.75960021972656,-0.07274069589492616,0.07575303007678418
2025-04-11,252.30999755859372,257.739990234375,241.3600006103516,251.83999633789065,128948100,TSLA,255.42850036621093,291.8002001953125,-0.0003565623615965352,0.0753411020197897
2025-04-14,252.3500061035156,261.79998779296875,245.92999267578125,258.3599853515625,100135200,TSLA,256.14550094604493,288.7552001953125,0.00015856900364230597,0.07439311781724404
2025-04-15,254.1100006103516,258.75,247.5399932861328,249.91000366210935,79594300,TSLA,257.5855010986328,286.1638003540039,0.006974418324816822,0.07309668255092117
2025-04-16,241.5500030517578,251.97000122070312,233.88999938964844,247.6100006103516,112378700,TSLA,257.8700012207031,283.1506005859375,-0.049427403598542696,0.07360216517113768
2025-04-17,241.3699951171875,244.33999633789065,237.67999267578125,243.47000122070312,83404800,TSLA,258.1255012512207,280.41460021972654,-0.0007452201709629014,0.07360753227714573
2025-04-21,227.5,232.2100067138672,222.7899932861328,230.25999450683597,97768000,TSLA,257.0650009155273,277.4782000732422,-0.05746362595919796,0.07385278193032237
2025-04-22,237.97000122070312,242.7899932861328,229.8500061035156,230.9600067138672,120858500,TSLA,255.04400024414062,275.0052001953125,0.04602198338770602,0.06918421213890188
2025-04-23,250.7400054931641,259.45001220703125,244.42999267578125,254.8600006103516,150381900,TSLA,253.17399978637695,273.0054000854492,0.05366224400956132,0.0698834491164652
2025-04-24,259.510009765625,259.5400085449219,249.1999969482422,250.5,94464200,TSLA,252.5465003967285,271.6256002807617,0.0349764859229853,0.0693390177082052
2025-04-25,284.95001220703125,286.8500061035156,259.6300048828125,261.69000244140625,167560700,TSLA,253.13750076293945,270.59440032958986,0.09803091011549903,0.07274401334211134
2025-04-28,285.8800048828125,294.8599853515625,272.4200134277344,288.9800109863281,151731800,TSLA,254.25400161743164,269.19320037841794,0.0032637046356942534,0.07214920877726672
2025-04-29,292.0299987792969,293.32000732421875,279.4700012207031,285.5,108906600,TSLA,255.89750137329102,267.9170004272461,0.021512501019458785,0.07201167058871163
2025-04-30,282.1600036621094,284.45001220703125,270.7799987792969,279.8999938964844,128961100,TSLA,256.5825019836426,266.47800079345706,-0.03379788089732105,0.07229281926043335
2025-05-01,280.5199890136719,290.8699951171875,279.8099975585937,280.010009765625,99659000,TSLA,256.4705009460449,264.8772006225586,-0.005812356915055328,0.07141122954156437
2025-05-02,287.2099914550781,294.7799987792969,279.8099975585937,284.8999938964844,114454700,TSLA,257.467000579834,263.5334005737305,0.023848576584252656,0.07028481927653944
2025-05-05,280.260009765625,284.8500061035156,274.3999938964844,284.57000732421875,94618900,TSLA,259.50850143432615,262.3826010131836,-0.024198258752220814,0.06582999595055937
2025-05-06,275.3500061035156,277.7300109863281,271.3500061035156,273.1099853515625,76715800,TSLA,261.6115020751953,261.279001159668,-0.017519458684867262,0.06562445010032607
2025-05-07,276.2200012207031,277.9200134277344,271.0,276.8800048828125,71592600,TSLA,264.3295021057129,260.74740142822264,0.003159597232260225,0.06416787732907085
2025-05-08,284.82000732421875,289.79998779296875,279.4100036621094,279.6300048828125,97539400,TSLA,264.96050186157225,260.6278018188477,0.031134624811778533,0.04027717260605097
2025-05-09,298.260009765625,307.0400085449219,290.0,290.2099914550781,132387800,TSLA,267.2535026550293,260.95400177001954,0.04718770485146129,0.03721300018466113
2025-05-12,318.3800048828125,322.2099914550781,311.5,321.989990234375,112826700,TSLA,270.55700302124023,261.4620016479492,0.06745790403815088,0.03934131418561832
2025-05-13,334.07000732421875,337.5899963378906,316.79998779296875,320.0,136992600,TSLA,274.6430030822754,262.4504019165039,0.049280740626853614,0.04006221494445042
2025-05-14,347.67999267578125,350.0,337.0,342.5,136997300,TSLA,279.3215026855469,263.9632015991211,0.04073991993646375,0.04042149659658206
2025-05-15,342.82000732421875,346.1400146484375,334.7200012207031,340.3399963378906,97882600,TSLA,284.38500289916993,265.23760162353517,-0.013978329078298546,0.038085133953347935
2025-05-16,349.9800109863281,351.6199951171875,342.3299865722656,346.239990234375,95895700,TSLA,289.815503692627,266.9682015991211,0.0208856061756566,0.03782090322045314
2025-05-19,342.0899963378906,343.0,333.3699951171875,336.29998779296875,88869900,TSLA,295.5450035095215,268.55660125732425,-0.022544186527114873,0.03476761363543835
2025-05-20,343.82000732421875,354.989990234375,341.6300048828125,347.8699951171875,131715500,TSLA,300.83750381469724,270.9900015258789,0.005057180873010214,0.0344312342538807
2025-05-21,334.6199951171875,347.3500061035156,332.20001220703125,344.42999267578125,102354800,TSLA,305.03150329589846,273.07080139160155,-0.026758222357769146,0.03487763245574761
2025-05-22,341.0400085449219,347.2699890136719,331.3900146484375,331.8999938964844,97113400,TSLA,309.1080032348633,274.9298016357422,0.019185982671137136,0.03458138652573008
2025-05-23,339.3399963378906,343.17999267578125,333.2099914550781,337.9200134277344,84654800,TSLA,311.82750244140624,276.9030017089844,-0.004984788190348977,0.028611189681022428
2025-05-27,362.8900146484375,363.7900085449219,347.32000732421875,347.3500061035156,120146400,TSLA,315.6780029296875,279.16120208740233,0.06939947711644767,0.03156385339148309
2025-05-28,356.8999938964844,365.0,355.9100036621094,364.8399963378906,91404300,TSLA,318.9215026855469,281.5390020751953,-0.016506435862546853,0.03212992440992351
2025-05-29,358.42999267578125,367.7099914550781,356.0,365.2900085449219,88087800,TSLA,322.7350021362305,284.20140197753904,0.004286911755287504,0.030446997819190517
2025-05-30,346.4599914550781,363.6799926757813,345.2900085449219,355.5199890136719,123474900,TSLA,326.0320022583008,286.4134017944336,-0.03339564619395741,0.03190819912544161
2025-06-02,342.69000244140625,348.0199890136719,333.3299865722656,343.5,81873800,TSLA,328.8060028076172,288.542001953125,-0.01088145559849063,0.032121457730654876
2025-06-03,344.2699890136719,355.3999938964844,343.0400085449219,346.6000061035156,99324500,TSLA,332.00650177001955,290.4532015991211,0.004610541775392996,0.031169677224739945
2025-06-04,332.04998779296875,345.6000061035156,327.3299865722656,345.1000061035156,98912100,TSLA,334.8415008544922,291.5264010620117,-0.03549540073392177,0.03226878457042296
2025-06-05,284.70001220703125,324.54998779296875,273.2099914550781,322.489990234375,287499800,TSLA,335.26550140380857,291.4576010131836,-0.14259893789082123,0.04697710709893609
2025-06-06,295.1400146484375,305.5,291.1400146484375,298.8299865722656,164747700,TSLA,335.78150177001953,291.9192013549805,0.036670186138995975,0.04716996024076866
2025-06-09,308.5799865722656,309.8299865722656,281.8500061035156,285.9599914550781,140908900,TSLA,336.29750061035156,292.62820098876955,0.04553761352840424,0.0470897597932686
2025-06-10,326.0899963378906,327.8299865722656,310.6700134277344,314.94000244140625,151256500,TSLA,336.6830001831055,293.87900115966795,0.05674382827003055,0.04637092043492168
2025-06-11,326.42999267578125,335.5,322.5,334.3999938964844,122611400,TSLA,336.3009994506836,295.2244009399414,0.0010426457165473302,0.04503182062342145
2025-06-12,319.1099853515625,332.5599975585937,316.8599853515625,323.0799865722656,105127500,TSLA,334.8724990844727,296.2374008178711,-0.022424432461661592,0.044220865931301735
2025-06-13,325.3099975585937,332.989990234375,313.29998779296875,313.9700012207031,128964300,TSLA,333.9969985961914,297.0884005737305,0.019429076154419578,0.04442704848820471
2025-06-16,329.1300048828125,332.04998779296875,326.4100036621094,331.2900085449219,83925900,TSLA,332.9544982910156,298.3254006958008,0.011742668079331775,0.04422969814182383
2025-06-17,316.3500061035156,327.260009765625,314.739990234375,326.0899963378906,88282700,TSLA,331.66749877929686,299.86380096435545,-0.03882963749794621,0.04477257640887709
2025-06-18,322.04998779296875,329.32000732421875,315.45001220703125,317.3099975585937,95137700,TSLA,330.57899780273436,301.63900085449217,0.0180179597897272,0.04498722182797678
2025-06-20,322.1600036621094,332.3599853515625,317.7799987792969,327.95001220703125,108688000,TSLA,329.9559982299805,303.64500091552736,0.0003416111576173275,0.04461711951320114
2025-06-23,348.67999267578125,357.5400085449219,327.4800109863281,327.5400085449219,190716800,TSLA,330.33799743652344,305.17460052490236,0.0823193093872907,0.04820267460025135
2025-06-24,340.4700012207031,356.260009765625,340.44000244140625,356.1700134277344,114736200,TSLA,330.3944976806641,306.9360006713867,-0.023545920693855638,0.04852691444969519
2025-06-25,327.54998779296875,343.0,320.3999938964844,342.70001220703125,119845100,TSLA,328.62749633789065,308.44080047607423,-0.037947582404945,0.0464950546158104
2025-06-26,325.7799987792969,331.04998779296875,323.6099853515625,324.6099853515625,80440900,TSLA,327.0714965820313,309.90940032958986,-0.0054037218123500486,0.04640462115871405
2025-06-27,323.6300048828125,329.3399963378906,317.5,324.510009765625,89067000,TSLA,325.3314971923828,311.29980041503904,-0.006599526995335614,0.04637244693632761
2025-06-30,317.6600036621094,325.5799865722656,316.6000061035156,319.8999938964844,76695100,TSLA,323.89149780273436,312.8220004272461,-0.018446995428822777,0.045993196422211224
2025-07-01,300.7099914550781,305.8900146484375,293.2099914550781,298.4599914550781,145085700,TSLA,321.792497253418,314.0088003540039,-0.05335897504131726,0.04732391789475277
2025-07-02,315.6499938964844,316.8299865722656,303.82000732421875,312.6300048828125,119483700,TSLA,320.3614974975586,315.7718002319336,0.04968242780731846,0.04887399592202904
2025-07-03,315.3500061035156,318.45001220703125,312.760009765625,317.989990234375,58042300,TSLA,319.52649841308596,317.3194003295898,-0.0009503811144286889,0.048277735530061115
2025-07-07,293.94000244140625,296.1499938964844,288.7699890136719,291.3699951171875,131177900,TSLA,319.9884979248047,318.1834002685547,-0.06789282780315342,0.03872540647998711
2025-07-08,297.8099975585937,304.04998779296875,294.3500061035156,297.0,103246700,TSLA,320.1219970703125,318.94940002441405,0.013165935514200422,0.03797708496795796
2025-07-09,295.8800048828125,300.1499938964844,293.54998779296875,297.54998779296875,75586800,TSLA,319.4869979858398,319.1679998779297,-0.0064806174796112614,0.03652946268679372
2025-07-10,309.8699951171875,310.4800109863281,300.0,300.04998779296875,104365300,TSLA,318.6759979248047,319.6477996826172,0.0472826483827995,0.035789686141443296
2025-07-11,313.510009765625,314.0899963378906,305.6499938964844,307.8900146484375,79236400,TSLA,318.0299987792969,320.07739990234376,0.01174690904506881,0.03591649495951396
2025-07-14,316.8999938964844,322.6000061035156,312.6700134277344,317.7300109863281,78043400,TSLA,317.919499206543,320.77219970703123,0.010813001260769006,0.035660900995055866
2025-07-15,310.7799987792969,321.20001220703125,310.5,319.67999267578125,77556300,TSLA,317.1929992675781,321.37739990234377,-0.01931207079538977,0.035616688769925256
2025-07-16,321.6700134277344,323.5,312.6199951171875,312.79998779296875,97284800,TSLA,316.8199996948242,322.06660034179686,0.03504091219258654,0.03645015976989975
2025-07-17,319.4100036621094,324.3399963378906,317.0599975585937,323.1499938964844,73922900,TSLA,316.9729995727539,322.84960021972654,-0.007025863995037018,0.03536847965397792
2025-07-18,329.6499938964844,330.8999938964844,321.4200134277344,321.6600036621094,94255000,TSLA,317.3529998779297,323.93559997558594,0.03205907804067243,0.03585851199020139
2025-07-21,328.489990234375,338.0,326.8800048828125,334.3999938964844,75768800,TSLA,317.669499206543,324.9809997558594,-0.0035188948387289143,0.0358770161147774
2025-07-22,332.1099853515625,335.4100036621094,321.54998779296875,329.739990234375,77370400,TSLA,316.840998840332,325.92679931640623,0.0110201078413521,0.030584083889152517
2025-07-23,332.5599975585937,336.20001220703125,328.6700134277344,330.8999938964844,92553800,TSLA,316.44549865722655,326.6127990722656,0.0013550095657461902,0.030164067395896436
2025-07-24,305.29998779296875,310.1499938964844,300.4100036621094,310.0,156966000,TSLA,315.33299865722654,326.35119873046875,-0.08197020076301276,0.034339417153048245
2025-07-25,316.0599975585937,323.6300048828125,308.010009765625,308.739990234375,148227000,TSLA,314.8469985961914,325.9909985351562,0.0352440556693423,0.03537322190383264
2025-07-28,325.5899963378906,330.489990234375,315.69000244140625,318.45001220703125,112673800,TSLA,314.9449981689453,325.54919860839846,0.030152499060024818,0.036010822069434144
2025-07-29,321.20001220703125,326.25,318.25,325.54998779296875,87358900,TSLA,315.1219985961914,325.1167987060547,-0.013483166498468035,0.03588713550128032
2025-07-30,319.0400085449219,324.45001220703125,311.6199951171875,322.17999267578125,83931900,TSLA,316.0384994506836,324.49799865722656,-0.006724793213012448,0.03359921195791507
2025-07-31,308.2699890136719,321.3699951171875,306.1000061035156,319.6099853515625,85270900,TSLA,315.669499206543,323.8215985107422,-0.03375758288237862,0.03273347968536348
2025-08-01,302.6300048828125,309.3099975585937,297.82000732421875,306.2099914550781,89121400,TSLA,315.0334991455078,322.99779846191404,-0.01829559909125389,0.032970447289374885
2025-08-04,309.260009765625,312.1199951171875,303.0,309.0799865722656,78683900,TSLA,315.79949951171875,322.4905987548828,0.021907956170373222,0.02937587163005688
2025-08-05,308.7200012207031,312.45001220703125,305.5,308.95001220703125,57961300,TSLA,316.3449996948242,321.8441986083984,-0.0017461311772288823,0.02929234831436963
2025-08-06,319.9100036621094,320.4700012207031,306.92999267578125,307.8900146484375,78523600,TSLA,317.54649963378904,321.4555987548828,0.03624644466558724,0.03016970080924194
2025-08-07,322.2699890136719,322.3999938964844,316.1600036621094,319.7900085449219,66658700,TSLA,318.16649932861327,320.6431982421875,0.007377028928595486,0.028451686404457856
2025-08-08,329.6499938964844,335.1499938964844,320.9800109863281,321.42999267578125,91200300,TSLA,318.97349853515624,320.0981982421875,0.02290006868278205,0.02875313343145033
2025-08-11,339.0299987792969,346.6400146484375,334.1499938964844,335.0,105320200,TSLA,320.0799987792969,319.7101983642578,0.02845443669493286,0.029274082622705828
2025-08-12,340.8399963378906,345.260009765625,332.94000244140625,345.0,80522100,TSLA,321.58299865722654,319.59779846191407,0.005338753399730889,0.028764444636332053
2025-08-13,339.3800048828125,348.9800109863281,338.20001220703125,341.5,67838900,TSLA,322.46849822998047,319.5315985107422,-0.004283509772223915,0.0279370877408032
2025-08-14,335.5799865722656,340.4700012207031,330.3999938964844,335.760009765625,75000700,TSLA,323.2769973754883,319.35779846191406,-0.011196942235471519,0.028031770641633785
2025-08-15,330.5599975585937,339.29998779296875,327.0199890136719,337.6600036621094,74319800,TSLA,323.32249755859374,319.32799865722654,-0.0149591430196655,0.027418446028114878
2025-08-18,335.1600036621094,336.2699890136719,329.5899963378906,329.6199951171875,56956600,TSLA,323.65599822998047,320.33719848632813,0.013915797850586165,0.02756063254514471
2025-08-19,329.3099975585937,340.54998779296875,327.8500061035156,335.7900085449219,75956000,TSLA,323.51599884033203,321.0205981445313,-0.017454368181154867,0.02777081399575898
2025-08-20,323.8999938964844,331.3699951171875,314.6000061035156,329.2200012207031,77481800,TSLA,323.08299865722654,321.3269982910156,-0.016428300696053832,0.02800718246565635
2025-08-21,320.1099853515625,324.8999938964844,318.67999267578125,322.0799865722656,55744400,TSLA,323.82349853515626,321.20739807128905,-0.011701168929731831,0.02078258820085236
2025-08-22,340.010009765625,340.25,319.69000244140625,321.6600036621094,94016300,TSLA,325.0209991455078,321.47899841308595,0.062166209505171155,0.023679873034280305
2025-08-25,346.6000061035156,349.5299987792969,335.0299987792969,338.8999938964844,86670000,TSLA,326.0714996337891,322.028798828125,0.019381771561470362,0.02316888110423616
2025-08-26,351.6700134277344,351.8999938964844,343.7200012207031,344.92999267578125,76651600,TSLA,327.5949996948242,322.5559991455078,0.01462783391499567,0.02294342879544471
2025-08-27,349.6000061035156,355.3900146484375,349.1600036621094,351.94000244140625,65519000,TSLA,329.1229995727539,322.96539916992185,-0.0058862207330171445,0.0229220374986153
2025-08-28,345.9800109863281,353.54998779296875,340.260009765625,350.9100036621094,67903200,TSLA,331.00850067138674,323.5579992675781,-0.010354676927882056,0.021394966394960132
2025-08-29,333.8699951171875,348.75,331.70001220703125,347.2300109863281,81145700,TSLA,332.5705001831055,323.7943994140625,-0.03500206799409333,0.022680970927028338
2025-09-02,329.3599853515625,333.3299865722656,325.6000061035156,328.2300109863281,58392000,TSLA,333.5754989624023,323.9383990478516,-0.01350828116207925,0.02268754018622104
2025-09-03,334.0899963378906,343.3299865722656,328.510009765625,335.20001220703125,88733300,TSLA,334.84399871826173,323.64659912109374,0.014361219324440011,0.022781155176831054
2025-09-04,338.5299987792969,338.8900146484375,331.4800109863281,336.1499938964844,60711000,TSLA,335.7749984741211,323.6077990722656,0.01328983953448204,0.02163078718564304
2025-09-05,350.8399963378906,355.8699951171875,344.67999267578125,348.0,108771700,TSLA,337.20349884033203,324.07359924316404,0.036363092201525005,0.022871317952385225
2025-09-08,346.3999938964844,358.44000244140625,344.8399963378906,354.68798828125,74332168,TSLA,338.040998840332,324.48599914550783,-0.01265534855703887,0.022747431476923433
2025-09-09,346.9700012207031,350.7699890136719,343.82000732421875,348.44000244140625,53816000,TSLA,338.43799896240233,324.95279907226563,0.001645517708609212,0.021926443171658924
2025-09-10,347.7900085449219,356.3299865722656,346.07000732421875,350.54998779296875,72121700,TSLA,338.7854995727539,325.5553991699219,0.0023633378140295314,0.021908277355993495
2025-09-11,368.80999755859375,368.989990234375,347.6000061035156,350.1700134277344,103756000,TSLA,340.25699920654296,326.9173992919922,0.06043873744853956,0.02553095083486281
2025-09-12,395.9400024414063,396.6900024414063,370.239990234375,370.9400024414063,168156400,TSLA,343.275,328.5231994628906,0.0735609258490948,0.0295168192415425
2025-09-15,410.0400085449219,425.7000122070313,402.4299926757813,423.1300048828125,163823700,TSLA,347.2490005493164,330.41699951171876,0.03561147147692445,0.02954869282865922
2025-09-16,421.6199951171875,423.25,411.4299926757813,414.5,104285700,TSLA,351.57200012207034,332.97059936523436,0.028241113869250656,0.029789692326437012
2025-09-17,425.8599853515625,428.30999755859375,409.6700134277344,415.75,106133500,TSLA,356.3994995117188,335.53159912109373,0.01005642588937583,0.028984614210005474
2025-09-18,416.8500061035156,432.2200012207031,416.55999755859375,428.8699951171875,90454500,TSLA,361.0470001220703,337.9509991455078,-0.021157139806429193,0.029258128967703745
2025-09-19,426.0700073242188,429.4700012207031,421.7200012207031,421.8200073242188,93131000,TSLA,366.3450012207031,340.2749993896484,0.022118270566640286,0.02872217183873219
2025-09-22,434.2099914550781,444.9800109863281,429.1300048828125,431.1099853515625,97108800,TSLA,371.0550003051758,342.6889990234375,0.01910480435358397,0.02651226519990661
2025-09-23,425.8500061035156,440.9700012207031,423.7200012207031,439.8800048828125,83422700,TSLA,375.01750030517576,344.8679992675781,-0.019253323313789705,0.027387504539313087
2025-09-24,442.7900085449219,444.2099914550781,429.0299987792969,429.8299865722656,93133600,TSLA,379.57350006103513,347.5081994628906,0.03977927016229388,0.02814442613126421
2025-09-25,423.3900146484375,435.3500061035156,419.0799865722656,435.239990234375,96746400,TSLA,383.26300048828125,349.5425994873047,-0.04381307961359793,0.030582052951118936
2025-09-26,440.3999938964844,440.4700012207031,421.0199890136719,428.2999877929688,101628200,TSLA,387.98399963378904,351.9623992919922,0.0401756741055197,0.030892475873105826
2025-09-29,443.2099914550781,450.9800109863281,439.5,444.3500061035156,79491500,TSLA,393.4509994506836,354.23359924316406,0.00638055766924972,0.028856096278820048
2025-09-30,444.7200012207031,445.0,433.1199951171875,441.5199890136719,74358000,TSLA,399.2190002441406,356.5581994628906,0.0034069849388267404,0.028228249626922074
2025-10-01,459.4599914550781,462.2900085449219,440.75,443.7999877929688,97617000,TSLA,405.4875,359.1051995849609,0.033144428390707636,0.028499493603468533
2025-10-02,436.0,470.75,435.5700073242188,470.5400085449219,137009000,TSLA,410.36100006103516,361.17399963378904,-0.051059922281332826,0.03225839998736958
2025-10-03,429.8299865722656,446.7699890136719,416.5799865722656,443.2900085449219,133188200,TSLA,414.3104995727539,363.664599609375,-0.014151406944344913,0.03232869847351012
2025-10-06,453.25,453.5499877929688,436.6900024414063,440.75,85324900,TSLA,419.6529998779297,366.4083996582031,0.054486690457546505,0.033249115874361426
2025-10-07,433.0899963378906,452.6799926757813,432.4500122070313,447.8200073242188,102296100,TSLA,423.95899963378906,368.55839965820314,-0.044478772558432134,0.03566681333430975
2025-10-08,438.6900024414063,441.3299865722656,425.2300109863281,437.5700073242188,71192100,TSLA,428.5039993286133,370.90819946289065,0.012930352007361146,0.03559868278892734
2025-10-09,435.5400085449219,436.3500061035156,426.1799926757813,431.80999755859375,69339900,TSLA,431.8404998779297,373.23819946289063,-0.007180455170972766,0.03395690664277127
2025-10-10,413.489990234375,443.1300048828125,411.4500122070313,436.5400085449219,112107900,TSLA,432.71799926757814,375.3425994873047,-0.05062684914805626,0.03284607858978394
2025-10-13,435.8999938964844,436.8900146484375,419.7000122070313,423.5299987792969,79552800,TSLA,434.01099853515626,378.0079992675781,0.054197209585187034,0.03406687569280371
2025-10-14,429.239990234375,434.2000122070313,417.8599853515625,426.7900085449219,72669400,TSLA,434.3919982910156,380.4075988769531,-0.015278742269702716,0.033799969724790976
2025-10-15,435.1499938964844,440.510009765625,426.3299865722656,434.8999938964844,71558200,TSLA,434.8564987182617,382.93619873046873,0.013768529951932784,0.033859919673722025
2025-10-16,428.75,439.3500061035156,421.30999755859375,434.7300109863281,77189900,TSLA,435.4514984130859,385.11299865722657,-0.01470755828163206,0.033661660386144654
2025-10-17,439.30999755859375,441.4599914550781,423.6000061035156,425.5,89331600,TSLA,436.1134979248047,387.453798828125,0.02462973191508744,0.03374544830853886
2025-10-20,447.4299926757813,449.7999877929688,440.6099853515625,443.8699951171875,63719000,TSLA,436.77449798583984,389.80939880371096,0.018483519979771268,0.03372922634828708
2025-10-21,442.6000061035156,449.2999877929688,442.0499877929688,445.760009765625,54412200,TSLA,437.6119979858398,391.8807989501953,-0.010794954856246375,0.03350041552190507
2025-10-22,438.9700012207031,445.5400085449219,429.0,443.4500122070313,84023500,TSLA,437.4209976196289,393.84339904785156,-0.008201547294971134,0.032387090759466684
2025-10-23,448.9800109863281,449.3999938964844,413.8999938964844,420.0,126709800,TSLA,438.70049743652345,396.0353991699219,0.022803402824313368,0.03103422677318376
2025-10-24,433.7200012207031,451.6799926757813,430.1700134277344,446.8299865722656,94727800,TSLA,438.3664978027344,397.9981994628906,-0.03398817183887881,0.030838467471858085
2025-10-27,452.4200134277344,460.1600036621094,438.6900024414063,439.9800109863281,105867500,TSLA,438.8269989013672,400.4353997802734,0.043115401997602554,0.03231658837602516
2025-10-28,460.5499877929688,467.0,451.6000061035156,454.7799987792969,80185700,TSLA,439.61849822998045,402.9431994628906,0.017969970655449474,0.03252462230519373
2025-10-29,461.510009765625,465.7000122070313,452.6499938964844,462.5,67983500,TSLA,439.7209991455078,405.58719970703123,0.0020845119924044475,0.03170313353919814
2025-10-30,440.1000061035156,455.05999755859375,439.6099853515625,451.0499877929688,72447900,TSLA,439.9259994506836,407.91119995117185,-0.04639120107705208,0.03131679070832285
2025-10-31,456.55999755859375,458.0,443.6900024414063,446.75,82980800,TSLA,441.2625,410.6402001953125,0.03740057084027071,0.0321210707082307
2025-11-03,468.3699951171875,474.0700073242188,453.7999877929688,455.989990234375,84595200,TSLA,442.01849975585935,413.20739990234375,0.02586735066967427,0.03031747563206106
2025-11-04,444.260009765625,460.2200012207031,443.6000061035156,454.4599914550781,87756600,TSLA,442.5770004272461,415.1605999755859,-0.05147636612701911,0.030917509593228688
2025-11-05,462.0700073242188,466.3299865722656,440.7099914550781,452.0499877929688,85573000,TSLA,443.7460006713867,417.3685998535156,0.040089130615176716,0.032012364273582505
2025-11-06,445.9100036621094,467.4500122070313,435.0899963378906,461.9599914550781,109622900,TSLA,444.2645004272461,419.2947998046875,-0.03497306340156048,0.03306741874681893
2025-11-07,429.5199890136719,439.3599853515625,421.8800048828125,437.9200134277344,103471500,TSLA,445.0660003662109,420.96559936523437,-0.03675632866235745,0.032041782237340194
2025-11-10,445.2300109863281,449.6700134277344,433.3599853515625,439.6000061035156,76515900,TSLA,445.5325012207031,423.1927996826172,0.03657576451501576,0.030758881543206655
2025-11-11,439.6199951171875,442.489990234375,432.3599853515625,439.3999938964844,60533200,TSLA,446.05150146484374,425.3979998779297,-0.01260026442672324,0.03068768029928271
2025-11-12,430.6000061035156,442.3299865722656,426.55999755859375,442.1499938964844,58513500,TSLA,445.8240020751953,427.3282000732422,-0.02051769508633805,0.03093147192332363
2025-11-13,401.989990234375,424.5,396.3399963378906,423.1300048828125,118948000,TSLA,444.4860015869141,428.59739990234374,-0.06644220962287406,0.0342095821323438
2025-11-14,404.3500061035156,412.1900024414063,382.7799987792969,386.2999877929688,105506700,TSLA,442.73800201416014,429.66760009765625,0.005870832424868633,0.033675081357398294
2025-11-17,408.9200134277344,423.9599914550781,398.739990234375,398.739990234375,102214300,TSLA,440.8125030517578,430.9180004882812,0.011302107716671506,0.0334649136922254
2025-11-18,401.25,408.8999938964844,393.7099914550781,405.3800048828125,80688600,TSLA,438.74500274658203,432.0036004638672,-0.018756757252943457,0.033597678249854476
2025-11-19,403.989990234375,411.7799987792969,398.5,406.1799926757813,72047700,TSLA,436.9960021972656,433.1276000976562,0.006828636098130891,0.03367502961713433
2025-11-20,395.2300109863281,428.9400024414063,394.739990234375,414.6300048828125,113548800,TSLA,434.3085021972656,433.65600036621095,-0.02168365419886953,0.03330646669101699
2025-11-21,391.0899963378906,402.7999877929688,383.760009765625,402.3200073242188,100460600,TSLA,432.177001953125,433.55900024414063,-0.010474950113494086,0.03266888451959964
2025-11-24,417.7799987792969,421.7200012207031,401.0899963378906,402.1700134277344,96806400,TSLA,430.44500122070315,433.71380004882815,0.0682451678419993,0.0350025420340857
2025-11-25,419.3999938964844,420.4800109863281,405.9500122070313,414.4200134277344,71915600,TSLA,428.3875015258789,433.6694000244141,0.0038776272725380423,0.034690334768386864
2025-11-26,426.5799865722656,426.9400024414063,416.8900146484375,423.9500122070313,63463000,TSLA,426.64100036621096,433.6838000488281,0.017119677587676296,0.03499292173555413
2025-11-28,430.1700134277344,432.9299926757813,426.2000122070313,426.5899963378906,36252900,TSLA,426.1445007324219,433.9502001953125,0.008415835173881447,0.03356118852929242
2025-12-01,430.1400146484375,433.6600036621094,425.2900085449219,425.3200073242188,57463600,TSLA,424.82350158691406,434.0316003417969,-6.973703038437584e-05,0.03235202652729721
2025-12-02,429.239990234375,436.7999877929688,422.1199951171875,430.80999755859375,69336600,TSLA,422.86700134277345,433.9322003173828,-0.0020923987153301793,0.03165939145544518
2025-12-03,446.739990234375,447.9200134277344,431.1099853515625,432.1000061035156,87483000,TSLA,422.9910003662109,434.35,0.04076973347810542,0.031073758857609105
